Kode Artikel,Nama Artikel,Tier,QTY WHS DDD,QTY WHS LJBB,QTY WHS MBB,TOTAL WHS,RO BOX DDD,RO BOX LJBB,RO BOX MBB,TOTAL RO,READY STOCK
M1CA01,"MEN CLASSIC 1, JET BLACK",1,0,0,0,0,0,0,,0,0
M1ON01,"MEN ONYX 1, BLACK BLACK",2,0,0,0,0,0,0,,0,0
M1ON04,"MEN ONYX 4, BLACK GREY",1,0,0,0,0,0,0,,0,0
M1SP01,"MEN STRIPE 1, BLACK BLUE RED",1,0,0,0,0,0,0,,0,0
M1SP07,"MEN STRIPE 7, BLACK TAN WHITE",1,0,0,0,0,0,0,,0,0
L1EA11,"LADIES ELSA 11, GINGERSNAP",1,0,0,0,0,0,0,,0,0
L1EA06,"LADIES ELSA 6, JET BLACK",1,0,0,0,0,0,0,,0,0
M1CA23,"MEN CLASSIC 23, NAVY BLACK",1,0,0,0,0,0,0,,0,0
M1CA27,"MEN CLASSIC 27, GREY GREY",2,0,0,0,0,0,0,,0,0
L1CA01,"LADIES CLASSIC 1, JET BLACK",1,0,0,0,0,0,0,,0,0
L1CM01,"LADIES CLASSIC METALIC 1, BLACK0GOLD",2,0,0,0,0,0,0,,0,0
L1CA22,"LADIES CLASSIC 22, NAVY NAVY",1,0,0,0,0,0,0,,0,0
L1CM02,"LADIES CLASSIC METALIC 2, BLEACH SAND",1,0,0,0,0,0,0,,0,0
M1BL03,"MEN BLACK SERIES 3, COSMIC GREY",1,0,0,0,0,0,0,,0,0
L1EA10,"LADIES ELSA 10, SILVER NAVY",1,0,0,0,0,0,0,,0,0
L1FL01,"LADIES FLO 1, BLACK",1,0,0,0,0,0,0,,0,0
L1FL03,"LADIES FLO 3, LIGHT BROWN",1,0,0,0,0,0,0,,0,0
M1DL01,MEN DALLAS 1 JET BLACK,1,0,0,0,0,0,0,,0,0
L1CA23,LADIES CLASSIC 23 NAVY GREY,2,0,0,0,0,0,0,,0,0
L1CM04,LADIES CLASSIC METALIC 4 GINGER SNAP,1,0,0,0,0,0,0,,0,0
M1CA31,"MEN CLASSIC 31, BLACK TURQUOISE",1,0,0,0,0,0,0,,0,0
M1SL11,"MEN SLIDE BASIC 11, BLACK",1,0,0,0,0,0,0,,0,0
M1CA24,"MEN CLASSIC 24, NAVY GREY",2,0,0,0,0,0,0,,0,0
M1ON05,"MEN ONYX 5, TURQUOISE BLACK",1,0,0,0,0,0,0,,0,0
L1FL05,"LADIES FLO 5, WHITE",4,0,0,0,0,0,0,,0,0
L1FL06,"LADIES FLO 6, ROSE",4,0,0,0,0,0,0,,0,0
L1CA25,LADIES CLASSIC 25 DRAK GREY,2,0,0,0,0,0,0,,0,0
L1CP01,LADIES CLASSIC PASTEL 1 HAZELNUT,4,0,0,0,0,0,0,,0,0
Z1MF01,BABY GIRLS COLLAB 1 DISNEY MICKEY & FRIENDS PINK,2,0,0,0,0,0,0,,0,0
M1SP08,"MEN STRIPE 8, TWILIGHT RED WHITE",1,0,0,0,0,0,0,,0,0
M1SP11,"MEN STRIPE 11, GRAY LIME",1,0,0,0,0,0,0,,0,0
M1SP10,"MEN STRIPE 10, ALMOND BLACK",1,0,0,0,0,0,0,,0,0
L1CA29,LADIES CLASSIC 29 NAVY HOTPINK,1,0,0,0,0,0,0,,0,0
M1ON02,"MEN ONYX 2, NAVY BLACK",1,0,0,0,0,0,0,,0,0
M1ON03,"MEN ONYX 3, NAVY NAVY",1,0,0,0,0,0,0,,0,0
L1EA07,"LADIES ELSA 7, BLACK GOLD",2,0,0,0,0,0,0,,0,0
L1EA08,"LADIES ELSA 8, SILVER BLACK",4,0,0,0,0,0,0,,0,0
M1BL07,MEN BLACK SERIES 7 TURQUOISE,4,0,0,0,0,0,0,,0,0
L1CM03,"LADIES CLASSIC METALIC 3,BALLET ROSE",2,0,0,0,0,0,0,,0,0
M1CA30,"MEN CLASSIC 30, BROWN BLACK",2,0,0,0,0,0,0,,0,0
M1SL13,"MEN SLIDE 13, BLACK",4,0,0,0,0,0,0,,0,0
L1KM02,"LADIES KIM 2, JET BLACK",4,0,0,0,0,0,0,,0,0
L1KM03,"LADIES KIM 3, GINGERSNAP",4,0,0,0,0,0,0,,0,0
L1KM05,"LADIES KIM 5, MUSTARD",4,0,0,0,0,0,0,,0,0
M1BL04,"MEN BLACK SERIES 4, LIGHT OLIVE",4,0,0,0,0,0,0,,0,0
M1BL05,"MEN BLACK SERIES 5, PEANUT",1,0,0,0,0,0,0,,0,0
M1DL03,"MEN DALLAS 3, GRAY",2,0,0,0,0,0,0,,0,0
M1DL04,"MEN DALLAS 4, BROWN",4,0,0,0,0,0,0,,0,0
M1BL06,MEN BLACK SERIES 6 STONE BLUE,1,1,0,0,1,0,0,,0,1
L1CA26,LADIES CLASSIC 26 LIGHT GREY,2,0,0,0,0,0,0,,0,0
L1WG02,LADIES WEDGES 2 JET BLACK,3,0,0,0,0,0,0,,0,0
L1WG03,LADIES WEDGES 3 NAVY,2,0,0,0,0,0,0,,0,0
L1WG04,LADIES WEDGES 4 GINGER SNAP,2,0,0,0,0,0,0,,0,0
Z2CL01,BABY BOYS COLLAB 1 DISNEY MICKEY BLACK,1,6,0,0,6,0,0,,0,6
M1BL01,MEN BLACK SERIES 1 MAROON,4,0,0,0,0,0,0,,0,0
L1CP02,LADIES CLASSIC PASTEL 2 LILAC,4,0,0,0,0,0,0,,0,0
L1CP04,LADIES CLASSIC PASTEL 4 STEEL BLUE,4,0,0,0,0,0,0,,0,0
Z1MF02,BABY BOYS COLLAB 2 DISNEY MICKEY & FRIENDS BLUE,1,0,0,0,0,0,0,,0,0
Z1MF03,BABY BOYS COLLAB 3 DISNEY MICKEY & FRIENDS BROWN,1,0,0,0,0,0,0,,0,0
Z2GC01,BABY GIRLS COLLAB 1 PINK,2,48,0,0,48,0,0,,0,48
L1CA32,"LADIES CLASSIC 32,BLACK STONE",2,0,0,0,0,0,0,,0,0
Z2CA01,"BABY BOYS CLASSIC 1,STEEL BLUE",4,0,0,0,0,0,0,,0,0
Z2CA02,"BABY BOYS CLASSIC 2,HAZELNUT",3,0,0,0,0,0,0,,0,0
Z2CA03,"BABY BOYS CLASSIC 3,CANDY PINK",2,0,0,0,0,0,0,,0,0
M1CA32,"MEN CLASSIC 32,BLACK STONE",2,0,0,0,0,0,0,,0,0
B1ON01,"BOYS ONYX 1, BLACK BLACK",4,0,0,0,0,0,0,,0,0
B1ON02,"BOYS ONYX 2, ARMY BLACK",4,0,0,0,0,0,0,,0,0
B1ON03,"BOYS ONYX 3, NAVY GREY",4,0,0,0,0,0,0,,0,0
B1SP01,BOYS STRIPE 1 BLACK TURQUOISE,4,0,0,0,0,0,0,,0,0
B2CL09,BOYS COLLAB 9 DISNEY MICKEY BLACK,4,0,0,0,0,0,0,,0,0
G2CL05,GIRLS COLLAB 5 DISNEY MINNIE CANDY PINK,4,0,0,0,0,0,0,,0,0
B1SP02,BOYS STRIPE 2 NAVY RED,4,0,0,0,0,0,0,,0,0
L1CM05,"LADIES CLASSIC METALIC 5,TEAL GREEN",1,0,0,0,0,0,0,,0,0
M1SP02,"MEN STRIPE 2, TWILIGHT ORANGE0GREEN",1,0,0,0,0,0,0,,0,0
G2CL07,"GIRLS COLLAB 7,GOLD CREAM",4,0,0,0,0,0,0,,0,0
L1SG02,"LADIES SURFER GILR 2,NAVY",4,0,0,0,0,0,0,,0,0
L1SG03,"LADIES SURFER GIRL 3,ROSE",4,0,0,0,0,0,0,,0,0
L1SG01,"LADIES SURFER GIRL 1,GREY",4,0,0,0,0,0,0,,0,0
L1WG01,LADIES WEDGES 1 BLACK GOLD,3,0,0,0,0,0,0,,0,0
M1CA28,"MEN CLASSIC 28, PLUM BLACK",4,0,0,0,0,0,0,,0,0
L1KM06,"LADIES KIM 6, NAVY NAVY",4,0,0,0,0,0,0,,0,0
L1EA12,"LADIES ELSA 12, BROWNIE GOLD",3,0,0,0,0,0,0,,0,0
M1DL02,"MEN DALLAS 2, NAVY",4,0,0,0,0,0,0,,0,0
L1WG07,LADIES WEDGES 7 SILVER,4,0,0,0,0,0,0,,0,0
Z2WB02,BABY UNI COLLAB WBB 2 GREY NAVY,4,0,0,0,0,0,0,,0,0
L1CP03,LADIES CLASSIC PASTEL 3 CANDY PINK,4,0,0,0,0,0,0,,0,0
Z2WB01,BABY UNI COLLAB WBB 1 BLUE NAVY,4,0,0,0,0,0,0,,0,0
G1SP01,"GIRLS STRIPE 1, BLACK PINK",4,0,0,0,0,0,0,,0,0
B2CL10,BOYS COLLAB 10 DISNEY MICKEY LAVA,4,0,0,0,0,0,0,,0,0
B2CL11,BOYS COLLAB 11 DISNEY MICKEY DOVE,4,0,0,0,0,0,0,,0,0
G2CL06,GIRLS COLLAB 6 DISNEY MINNIE BEEN,4,0,0,0,0,0,0,,0,0
G1SP02,GIRLS STRIPE 2 NAVY PINK,4,0,0,0,0,0,0,,0,0
L2AZCA1,"Ladies Classic 1, Jet Black",1,0,0,0,0,0,0,,0,0
L3CA01,"LADIES CLASSIC 1, JET BLACK",1,0,0,0,0,0,0,,0,0
L2AZCA21,"Ladies Classic 21, Black-Gold",1,0,0,0,0,0,0,,0,0
M1AZCA24,"MEN CLASSIC 24, NAVY GREY",1,0,0,0,0,0,0,,0,0
M1AZCA26,"MEN CLASSIC 26, RED BLACK",5,0,0,0,0,0,0,,0,0
L3CA21,"LADIES CLASSIC 21, BLACK0GOLD",1,0,0,0,0,0,0,,0,0
M1AZZDL1,"MEN DALLAS 1, JET BLACK",5,0,0,0,0,0,0,,0,0
M1AZCA29,"MEN CLASSIC 29, BROWN BROWN",4,0,0,0,0,0,0,,0,0
M1AZCA30,"MEN CLASSIC 30, BROWN BLACK",2,0,0,0,0,0,0,,0,0
M1AZCA31,"MEN CLASSIC 31, BLACK TURQUOISE",1,0,0,0,0,0,0,,0,0
E2AZEA8,"Ladies Elsa 8, Silver Black V2",5,0,0,0,0,0,0,,0,0
L2AZCA22,"Ladies Classic 22, Navy Navy",1,0,0,0,0,0,0,,0,0
MBLACK4,"MEN BLACK SERIES 4, LIGHT OLIVE",5,0,0,0,0,0,0,,0,0
MBLACK6,"MEN BLACK SERIES 6, STONE BLUE",5,0,0,0,0,0,0,,0,0
MBLACK7,"MEN BLACK SERIES 7, TURQUOISE",5,0,0,0,0,0,0,,0,0
L3CA22,"LADIES CLASSIC 22, NAVY NAVY",1,0,0,0,0,0,0,,0,0
L2AZCA23,"Ladies Classic 23, Navy Grey",1,0,0,0,0,0,0,,0,0
M1AZSP5,"MEN STRIPE 5, RED TWILIGHT GRAY",4,0,0,0,0,0,0,,0,0
L3CA23,"LADIES CLASSIC 23, NAVY GREY",1,0,0,0,0,0,0,,0,0
L2AZCA28,"Ladies Classic 28, Ballet Rose",1,0,0,0,0,0,0,,0,0
L2AZCA30,"Ladies Classic 30, Bleach Sand",1,0,0,0,0,0,0,,0,0
L3CA30,"LADIES CLASSIC 30, BLEACH SAND",1,0,0,0,0,0,0,,0,0
L2AZCA7,"Ladies Classic 7, Ginger Snap",1,0,0,0,0,0,0,,0,0
M1AZDL1,"MAN DALLAS 1, JET BLACK",5,0,0,0,0,0,0,,0,0
M1AZDL3,"MAN DALLAS 3, GRAY",5,0,0,0,0,0,0,,0,0
M1AZDL4,"MAN DALLAS 4, BROWN BROWN",5,0,0,0,0,0,0,,0,0
M1AZZDL2,"MEN DALLAS 2, NAVY",5,0,0,0,0,0,0,,0,0
SJ1ASL1,"Men Slide 1, Black",4,0,0,0,0,0,0,,0,0
SJ1ASL2,"Men Slide 2, Navy",4,0,0,0,0,0,0,,0,0
SJ1ASL3,"Men Slide 3, Army Black",4,0,0,0,0,0,0,,0,0
SJ1ASL4,"Men Slide 4, Army Navy",4,0,0,0,0,0,0,,0,0
SJ1ASL5,"Men Slide 5, Black Black",5,0,0,0,0,0,0,,0,0
SJ1ASL6,"Men Slide 6, Black White",5,0,0,0,0,0,0,,0,0
SJ1ASL7,"Men Slide 7, Navy White",5,0,0,0,0,0,0,,0,0
M1AZCO1,"Men Camo 1, Black",4,0,0,0,0,0,0,,0,0
M1AZCO2,"Men Camo 2, Navy",4,0,0,0,0,0,0,,0,0
M1AZLT1,"MEN LOONEY TUNES DAFFY 1, BLACK",5,0,0,0,0,0,0,,0,0
M1AZSV1,"MEN COUPLE SERIES 1, JET BLACK",4,0,0,0,0,0,0,,0,0
M1AZSV2,"MEN COUPLE SERIES 2, NAVY",4,0,0,0,0,0,0,,0,0
E3EA10,"LADIES ELSA 10, SILVER NAVY",1,0,0,0,0,0,0,,0,0
E2AZEA10,"Ladies Elsa 10, Silver Navy V2",1,0,0,0,0,0,0,,0,0
E2AZEA11,"Ladies Elsa 11, GingerSnap V2",1,0,0,0,0,0,0,,0,0
E2AZEA6,"LADIES ELSA 6, JET BLACK V2",1,0,0,0,0,0,0,,0,0
E2AZEA7,"LADIES ELSA 7, BLACK GOLD V2",2,0,0,0,0,0,0,,0,0
L2AZCA24,"Ladies Classic 24, Teal Green",1,0,0,0,0,0,0,,0,0
L2AZCA25,"Ladies Classic 25, Dark Grey",1,0,0,0,0,0,0,,0,0
L2AZCA26,"Ladies Classic 26, Light Grey",2,0,0,0,0,0,0,,0,0
L2AZCA29,"Ladies Classic 29, Navy Hotpink",1,0,0,0,0,0,0,,0,0
L2AKIM2,"Ladies Kim 2 , Jet Black",5,0,0,0,0,0,0,,0,0
L2AWG1,"Ladies Wedges 1, Black Gold V2",3,0,0,0,0,0,0,,0,0
L2AWG4,"Ladies Wedges 4, Ginger Snap V2",2,0,0,0,0,0,0,,0,0
L2AWG7,"Ladies Wedges 7, Silver V2",4,0,0,0,0,0,0,,0,0
L2AZWG2,"Ladies Wedges 2, Jet Black V2",3,0,0,0,0,0,0,,0,0
L2AZWG3,"Ladies Wedges 3, Navy V2",3,0,0,0,0,0,0,,0,0
L2AZWG4,"Ladies Wedges 4, Ginger Snap V3",2,0,0,0,0,0,0,,0,0
L2AZWG7,"Ladies Wedges 7, Silver V3",4,0,0,0,0,0,0,,0,0
L2AZWG1,"LADIES WEDGES 1, BLACK GOLD V3",3,0,0,0,0,0,0,,0,0
L2AZKIM2,"LADIES KIM 2, JET BLACK V2",5,0,0,0,0,0,0,,0,0
L2AKIM3,"Ladies Kim 3 , GInggerSnap",5,0,0,0,0,0,0,,0,0
L2AKIM4,"Ladies Kim 4, Navy Silver",5,0,0,0,0,0,0,,0,0
L2AZKIM4,"LADIES KIM 4, NAVY SILVER V2",5,0,0,0,0,0,0,,0,0
L2AZKIM3,"LADIES KIM 3, GINGERSNAP V2",5,0,0,0,0,0,0,,0,0
MBLACK3,"MEN BLACK SERIES 3, COSMIC GREY",5,0,0,0,0,0,0,,0,0
SJ2AST6,"Ladies Strappy 6, Gold Cream",4,0,0,0,0,0,0,,0,0
L2AST1,"Ladies Strappy 1, Jet Black V2",4,0,0,0,0,0,0,,0,0
E2AEA6,"Ladies Elsa 6, Jet Black",1,0,0,0,0,0,0,,0,0
E2AEA7,"Ladies Elsa 7, Black Glod",2,0,0,0,0,0,0,,0,0
E2AEA8,"Ladies Elsa 8, Silver Black",5,0,0,0,0,0,0,,0,0
E2AEA9,"Ladies Elsa 9, Silver Grey",5,0,0,0,0,0,0,,0,0
E2AEA10,"Ladies Elsa 10, Silver Navy",1,0,0,0,0,0,0,,0,0
E2AEA11,"Ladies Elsa 11, GingerSnap",1,0,0,0,0,0,0,,0,0
M1BLACK3,"MEN BLACK SERIES 3, COSMIC GREY",1,0,0,0,0,0,0,,0,0
M1AZCA1,"MEN CLASSIC 1, JET BLACK",1,0,0,0,0,0,0,,0,0
M1AZCA23,"MEN CLASSIC 23, NAVY BLACK",1,0,0,0,0,0,0,,0,0
L2AZSV1,"LADIES COUPLE SERIES 1, GINGERSNAP",4,0,0,0,0,0,0,,0,0
L2AZSV2,"LADIES COUPLE SERIES 2, TURQUOISE SILVER",4,0,0,0,0,0,0,,0,0
M1KZSP1,"BOYS STRIPE 1, BLACK TURQUOISE V2",5,0,0,0,0,0,0,,0,0
M1KZON1,"BOYS ONYX 1, BLACK BLACK",4,0,0,0,0,0,0,,0,0
M1KZON2,"BOYS ONYX 2, ARMY BLACK",4,0,0,0,0,0,0,,0,0
M1KZON3,"BOYS ONYX 2, NAVY GREY",4,0,0,0,0,0,0,,0,0
SJ2KSP1,"Girls Stripe 1, Black Pink",5,0,0,0,0,0,0,,0,0
SJ2KSP6,"Girls Stripe 6, Crystal Blue-Peach",5,0,0,0,0,0,0,,0,0
L2KZSP1,"GIRLS STRIPE 1, BLACK PINK V2",5,0,0,0,0,0,0,,0,0
SJ1BCL1,"Baby Boys Collab 1, Disney Mickey Black",5,0,0,0,0,0,0,,0,0
SJ2BCL1,"Baby Girls Collab 1, Disney Minnie Pink",5,0,0,0,0,0,0,,0,0
SJ2BCL2,"Baby Girls Collab 2, Disney Minnie Turquoise",5,0,0,0,0,0,0,,0,0
BGCO2B0HKP,"Baby Collab Girls Zuma x Helkity, Pink",5,0,0,0,0,0,0,,0,0
BGCO2B0HKT,"Baby Collab Girls Zuma x Helkity, Tosca",5,0,0,0,0,0,0,,0,0
SJ1BD01,"Baby Doraemon 1, Zuma x Doraemon Blue",5,0,0,0,0,0,0,,0,0
M1AZON5,"MEN ONYX 5, TURQUOISE BLACK",1,0,0,0,0,0,0,,0,0
M1AZON6,"MEN ONYX 6, COFFEE",4,0,0,0,0,0,0,,0,0
M1AZON7,"MEN ONYX 7, YOUNG ARMY",4,0,0,0,0,0,0,,0,0
L3WG01,"LADIES WEDGES 1, BLACK GOLD",3,0,0,0,0,0,0,,0,0
M1AZCA27,"MEN CLASSIC 27, GREY GREY",1,0,0,0,0,0,0,,0,0
M1AZON1,"MEN ONYX 1, BLACK BLACK",1,0,0,0,0,0,0,,0,0
M1AZON2,"MEN ONYX 2, NAVY BLACK",1,0,0,0,0,0,0,,0,0
M1AZCA28,"MEN CLASSIC 28, PLUM BLACK",4,0,0,0,0,0,0,,0,0
MBLACK1,"MEN BLACK SERIES 1, MAROON",5,0,0,0,0,0,0,,0,0
L3CA26,"LADIES CLASSIC 26, LIGHT GREY",2,0,0,0,0,0,0,,0,0
MBLACK5,"MEN BLACK SERIES 5, PEANUT",5,0,0,0,0,0,0,,0,0
M1AZON3,"MEN ONYX 3, NAVY NAVY",1,0,0,0,0,0,0,,0,0
M1AZSP7,"MEN STRIPE 7, BLACK BROWN0WHITE",1,0,0,0,0,0,0,,0,0
M1AZZDL3,"MEN DALLAS 3, GRAY",5,0,0,0,0,0,0,,0,0
M1AZZDL4,"MEN DALLAS 4, BROWN",5,0,0,0,0,0,0,,0,0
BB1BZCL1,"BABY BOYS COLLAB 1, DISNEY MICKEY BLACK",1,0,0,0,0,0,0,,0,0
M1BLACK7,"MEN BLACK SERIES 7, TURQUOISE",4,0,0,0,0,0,0,,0,0
M1AZON4,"MEN ONYX 4, BLACK GREY",1,0,0,0,0,0,0,,0,0
BB2BZCL1,"Baby Girls Collab 1, Disney Minnie Pink V2",4,0,0,0,0,0,0,,0,0
M5KSP01,"BOYS STRIPE 1, BLACK TURQUOISE",5,0,0,0,0,0,0,,0,0
BB3BZCL3,"Baby Uni Collab WBB 1 , Blue Navy",4,0,0,0,0,0,0,,0,0
BB3BZCL4,"Baby Uni Collab WBB 2 , Gery Navy",4,0,0,0,0,0,0,,0,0
L3WG02,"LADIES WEDGES 2, JET BLACK",3,0,0,0,0,0,0,,0,0
L3WG03,"LADIES WEDGES 3, NAVY",2,0,0,0,0,0,0,,0,0
M1SL08,"MEN SLIDE DERBY 8, BLACK",4,0,0,0,0,0,0,,0,0
M1SL09,"MEN SLIDE ESSENTIALS 9, BLACK",4,0,0,0,0,0,0,,0,0
L3WG04,"LADIES WEDGES 4, GINGER SNAP",2,0,0,0,0,0,0,,0,0
L3WG07,"LADIES WEDGES 7, SILVER",4,0,0,0,0,0,0,,0,0
M1AZSP1,"MEN STRIPE 1, BLACK BLUE0RED",1,0,0,0,0,0,0,,0,0
M1AZSP11,"MEN STRIPE 11, GRAY LIME",1,0,0,0,0,0,0,,0,0
L1FLO01,"LADIES FLO 1, BLACK",1,0,0,0,0,0,0,,0,0
L1FLO02,"LADIES FLO 2, MINT",4,0,0,0,0,0,0,,0,0
L1FLO03,"LADIES FLO 3, LIGHT BROWN",1,0,0,0,0,0,0,,0,0
L1FLO04,"LADIES FLO 4, LILAC",4,0,0,0,0,0,0,,0,0
M1LN01,"MEN LEON 1, WHITE",4,0,0,0,0,0,0,,0,0
M1LN02,"MEN LEON 2, LIGHT BROWN",4,0,0,0,0,0,0,,0,0
M1LN03,"MEN LEON 3, NAVY",4,0,0,0,0,0,0,,0,0
L3CA25,"LADIES CLASSIC 25, DRAK GREY",1,0,0,0,0,0,0,,0,0
M1BLACK4,"MEN BLACK SERIES 4, LIGHT OLIVE",2,0,0,0,0,0,0,,0,0
M1BLACK5,"MEN BLACK SERIES 5, PEANUT",1,0,0,0,0,0,0,,0,0
M1BLACK6,"MEN BLACK SERIES 6, STONE BLUE",1,0,0,0,0,0,0,,0,0
L1CA07,"LADIES CLASSIC 7, GINGER SNAP",1,0,0,0,0,0,0,,0,0
M1SL10,"MEN SLIDE ESSENTIALS 10, BLACK",4,0,0,0,0,0,0,,0,0
L1CA28,"LADIES CLASSIC 28, BALLET ROSE",1,0,0,0,0,0,0,,0,0
M1ON07,"MEN ONYX 7, YOUNG ARMY",4,0,0,0,0,0,0,,0,0
BB2CA01,"BABY BOYS CLASSIC 1, STEEL BLUE",4,0,0,0,0,0,0,,0,0
BB2CA02,"BABY BOYS CLASSIC 2, HAZELNUT",1,0,0,0,0,0,0,,0,0
BG2CA04,"BABY GIRLS CLASSIC 4, CANDY PINK",4,0,0,0,0,0,0,,0,0
BB1CL02,"BABY BOYS COLLAB 2, DISNEY MICKEY & FRIENDS BLUE",1,0,0,0,0,0,0,,0,0
BB1CL03,"BABY BOYS COLLAB 3, DISNEY MICKEY & FRIENDS BROWN",1,0,0,0,0,0,0,,0,0
BG1CL03,"BABY GIRLS COLLAB 3, DISNEY MICKEY & FRIENDS PINK",1,0,0,0,0,0,0,,0,0
M1RK01,"MEN ROCKY 1, BLACK",4,0,0,0,0,0,0,,0,0
M1RK02,"MEN ROCKY 2, NAVY",4,0,0,0,0,0,0,,0,0
M1RK03,"MEN ROCKY 3, BROWN",4,0,0,0,0,0,0,,0,0
M1RK04,"MEN ROCKY 4, GREY",4,0,0,0,0,0,0,,0,0
M1RK05,"MEN ROCKY 5, ARMY",4,0,0,0,0,0,0,,0,0
M2SM01,"MEN SUMMER 1,BLACK",4,0,0,0,0,0,0,,0,0
M2SM02,"MEN SUMMER 2,NAVY",4,0,0,0,0,0,0,,0,0
M2SM03,"MEN SUMMER 3,GREY",4,0,0,0,0,0,0,,0,0
M2SM04,"MEN SUMMER 4,ARMY",4,0,0,0,0,0,0,,0,0
L2SM01,"LADIES SUMMER 1,BLACK",4,0,0,0,0,0,0,,0,0
L2SM02,"LADIES SUMMER 2,NAVY",4,0,0,0,0,0,0,,0,0
L2SM03,"LADIES SUMMER 3,PEACH",4,0,0,0,0,0,0,,0,0
L2SM04,"LADIES SUMMER 4,BEAVER FUR",4,0,0,0,0,0,0,,0,0
M1AZSP2,"MEN STRIPE 2, TWILIGHT ORANGE0GREEN",1,0,0,0,0,0,0,,0,0
M1AZSP8,"MEN STRIPE 8, TWILIGHT RED0WHITE",1,0,0,0,0,0,0,,0,0
M1AZSP10,"MEN STRIPE 10, ALMOND BLACK",1,0,0,0,0,0,0,,0,0
L2AZCA27,"Ladies Classic 27, Black Pink",4,0,0,0,0,0,0,,0,0
M1KZSP2,"Boys Stripe 2, Navy Red V2",5,0,0,0,0,0,0,,0,0
L2KZSP2,"Girls Stripe 2, Navy Pink V2",5,0,0,0,0,0,0,,0,0
L3CA29,"LADIES CLASSIC 29, NAVY HOTPINK",1,0,0,0,0,0,0,,0,0
M5KSP02,"BOYS STRIPE 2, NAVY RED",5,0,0,0,0,0,0,,0,0
L7KSP04,"GIRLS STRIPE 4, BLUE FUSCHIA",5,0,0,0,0,0,0,,0,0
L1CA24,"LADIES CLASSIC 24, TEAL GREEN",1,0,0,0,0,0,0,,0,0
M1ON06,"MEN ONYX 6, COFFEE",4,0,0,0,0,0,0,,0,0
B2CL12,BOYS COLLAB 12 BATMAN NAVY GREY,4,0,0,0,0,0,0,,0,0
B2CL13,BOYS COLLAB 13 BATMAN GREY YELLOW,4,0,0,0,0,0,0,,0,0
L1CA27,"LADIES CLASSIC 27,BLACK PINK",4,0,0,0,0,0,0,,0,0
SJ1ACA2,"MEN CLASSIC 2, DARK GRAY",5,0,0,0,0,0,0,,0,0
SJ1ACA3,"MEN CLASSIC 3, TWILIGHT BLUE",5,0,0,0,0,0,0,,0,0
SJ1ACA4,"MEN CLASSIC 4, DAZZLING BLUE",5,0,0,0,0,0,0,,0,0
SJ1ACA5,"MEN CLASSIC 5, MAHOGANY",5,0,0,0,0,0,0,,0,0
SJ1ACA6,"MEN CLASSIC 6, DAZZLING BLUE0DOVE",5,0,0,0,0,0,0,,0,0
SJ1ACA7,"MEN CLASSIC 7, BLACK FORMULA ONE",5,0,0,0,0,0,0,,0,0
SJ1ACA8,"MEN CLASSIC 8, BLACK DAZZLING BLUE",5,0,0,0,0,0,0,,0,0
SJ1ACA9,"MEN CLASSIC 9, AIR BLUE0TWILIGHT",5,0,0,0,0,0,0,,0,0
SJ1ACA10,"MEN CLASSIC 10, FORMULA ONE0TWILIGHT",5,0,0,0,0,0,0,,0,0
SJ1ACA11,"MEN CLASSIC 11, FORST GRAY0DAZZLING",0,0,0,0,0,0,0,,0,0
SJ1ACA12,"MEN CLASSIC 12, PERSIMON ORANGE0HAZEL",0,0,0,0,0,0,0,,0,0
SJ1ACA13,"MEN CLASSIC 13, REGGATA0TAWNY PORT",5,0,0,0,0,0,0,,0,0
SJ1ACA14,"MEN CLASSIC 14, DELF0CLASSIC GREEN",5,0,0,0,0,0,0,,0,0
SJ1ACA15,"MEN CLASSIC 15, DELF0CARROT",0,0,0,0,0,0,0,,0,0
SJ1ACA16,"MEN CLASSIC 16, TWILIGHT0JASMINE GREEN",5,0,0,0,0,0,0,,0,0
SJ1ACA17,"MEN CLASSIC 17, BLACK0PEACOCK BLUE",5,0,0,0,0,0,0,,0,0
SJ1ACA18,"MEN CLASSIC 18, CALESTIAL0LIMOGES",5,0,0,0,0,0,0,,0,0
SJ1ACA19,"MEN CLASSIC 19, DRIZZLE0ORANGE",5,0,0,0,0,0,0,,0,0
SJ1ACA20,"MEN CLASSIC 20, GRAY0LIME GREEN",5,0,0,0,0,0,0,,0,0
SJ1ACA21,"MEN CLASSIC 21, BLACK-ITALIAN PLUM",5,0,0,0,0,0,0,,0,0
M1AZCA22,"MEN CLASSIC 22, BLACK RED",5,0,0,0,0,0,0,,0,0
M1AZCA25,"MEN CLASSIC 25, GREEN BROWN BLACK",5,0,0,0,0,0,0,,0,0
SJ1APL1,"MEN PILLOW 1, BLACK",5,0,0,0,0,0,0,,0,0
SJ1APL2,"MEN PILLOW 2, WHITE0BLACK",5,0,0,0,0,0,0,,0,0
SJ1APL3,MEN PILLOW 3. BRICK-BLACK,5,0,0,0,0,0,0,,0,0
SJ1APL4,"MEN PILLOW 4, BRILLIANT BLUE0BLACK",5,0,0,0,0,0,0,,0,0
SJ1APL5,"MEN PILLOW 5, TWILIGHT0LIGHT GRAY",5,0,0,0,0,0,0,,0,0
SJ1APL6,"MEN PILLOW 6, RED0TWILIGHT",5,0,0,0,0,0,0,,0,0
SJ1APL7,"MEN PILLOW 7, BLACK0RED",5,0,0,0,0,0,0,,0,0
SJ1APL8,"MEN PILLOW 8, GRAY0YELLOW",5,0,0,0,0,0,0,,0,0
SJ1APL9,"MEN PILLOW 9, ORANGE0IGUANA",5,0,0,0,0,0,0,,0,0
SJ1APL10,"MEN PILLOW 10, BLACK0STEEL",5,0,0,0,0,0,0,,0,0
SJ1APL11,"MEN PILLOW 11, RED0SILVER",5,0,0,0,0,0,0,,0,0
SJ1APL12,"MEN PILLOW 12, BLACK0ITALIAN PLUM",5,0,0,0,0,0,0,,0,0
SJ1APL13,"MEN PILLOW 13, ALMOND BLACK",5,0,0,0,0,0,0,,0,0
SJ1APL14,"MEN PILLOW 14, OCHRE BLACK",5,0,0,0,0,0,0,,0,0
SJ1APL15,"MEN PILLOW 15, EVERGREEN",5,0,0,0,0,0,0,,0,0
M1AZPL1,"MEN PILLOW 1, BLACK",5,0,0,0,0,0,0,,0,0
M1APL1,"MEN PILLOW 1, BLACK",5,0,0,0,0,0,0,,0,0
"M1AZPL5","MEN PILLOW 5, TWILIGHT0LIGHT GRAY",5,0,0,0,0,0,0,,0,0
M1AZPL5,"MEN PILLOW 5, TWILIGHT0LIGHT GRAY",5,0,0,0,0,0,0,,0,0
M1AZPL9,"MEN PILLOW 9, ORANGE0IGUANA",5,0,0,0,0,0,0,,0,0
M1APL9,"MEN PILLOW 9, ORANGE0IGUANA",5,0,0,0,0,0,0,,0,0
M1AZPL10,"MEN PILLOW 10, BLACK0STEEL",5,0,0,0,0,0,0,,0,0
M1APL10,"MEN PILLOW 10, BLACK0STEEL",5,0,0,0,0,0,0,,0,0
M1AZ3L13,"MEN PILLOW 13, ALMOND BLACK",5,0,0,0,0,0,0,,0,0
M1APL13,"MEN PILLOW 13, ALMOND BLACK",5,0,0,0,0,0,0,,0,0
M1AZPL13,"MEN PILLOW 13, ALMOND BLACK",5,0,0,0,0,0,0,,0,0
"M1AZPL14","MEN PILLOW 14, OCHRE BLACK",5,0,0,0,0,0,0,,0,0
M1AZPL14,"MEN PILLOW 14, OCHRE BLACK",5,0,0,0,0,0,0,,0,0
"M1APL16","MEN PILLOW 16, BLACK OLIVE",5,0,0,0,0,0,0,,0,0
M1APL16,"MEN PILLOW 16, BLACK OLIVE",5,0,0,0,0,0,0,,0,0
M1APL17,"MEN PILLOW 17, BLACK DARK BLUE",5,0,0,0,0,0,0,,0,0
M1AZ3L17,"MEN PILLOW 17, BLACK DARK BLUE V2",5,0,0,0,0,0,0,,0,0
M1AZPL17,"MAN PILLOW 17, BLACK DARK BLUE",5,0,0,0,0,0,0,,0,0
M1APL18,"MEN PILLOW 18, BLACK BROWN",5,0,0,0,0,0,0,,0,0
SJ1ABL1,"MEN BLACK SERIES 1, BLUE",5,0,0,0,0,0,0,,0,0
SJ1ABL2,"MEN BLACK SERIES 2, RED",5,0,0,0,0,0,0,,0,0
SJ1ABL3,"MEN BLACK SERIES 3, ORANGE",5,0,0,0,0,0,0,,0,0
SJ1ABL4,"MEN BLACK SERIES 4, TURQUOISE",5,0,0,0,0,0,0,,0,0
MBLACK2,"MEN BLACK SERIES 2, PEACHOCK BLUE",5,0,0,0,0,0,0,,0,0
SJ1ASP1,"MEN STRIPE 1, BLACK BLUE0RED",5,0,0,0,0,0,0,,0,0
SJ1ASP2,"MEN STRIPE 2, TWILIGHT ORANGE0GREEN",5,0,0,0,0,0,0,,0,0
SJ1ASP3,"MEN STRIPE 3, DOVE GRAY0TOSCA",5,0,0,0,0,0,0,,0,0
SJ1ASP4,"MEN STRIPE 4, WHITE GREEN-GRAY",5,0,0,0,0,0,0,,0,0
SJ1ASP5,"MEN STRIPE 5, RED TWILIGHT GRAY",5,0,0,0,0,0,0,,0,0
SJ1ASP6,"MEN STRIPE 6, FROST BLACK0CAYENNE",5,0,0,0,0,0,0,,0,0
SJ1ASP7,"MEN STRIPE 7, BLACK BROWN0WHITE",5,0,0,0,0,0,0,,0,0
SJ1ASP8,"MEN STRIPE 8, TWILIGHT RED0WHITE",5,0,0,0,0,0,0,,0,0
SJ1ASP9,"MEN STRIPE 9, GREEN BLACK0YELLOW",5,0,0,0,0,0,0,,0,0
SJ1ASP10,"MEN STRIPE 10, ALMOND BLACK",5,0,0,0,0,0,0,,0,0
SJ1ASP12,"MEN STRIPE 12, SCUBA BLUE0BLACK",5,0,0,0,0,0,0,,0,0
SJ1AXR1,"MEN XANDER 1, BLACK NAVY",5,0,0,0,0,0,0,,0,0
ST1AXR1,"MEN XANDER 1, BLACK NAVY",5,0,0,0,0,0,0,,0,0
SJ1AXR2,"MEN XANDER 2, NAVY COCOA",5,0,0,0,0,0,0,,0,0
ST1AXR2,"MEN XANDER 2, NAVY COCOA",5,0,0,0,0,0,0,,0,0
SJ1AXR3,"MEN XANDER 3, BEIGE BROWN",5,0,0,0,0,0,0,,0,0
ST1AXR3,"MEN XANDER 3, BEIGE BROWN",5,0,0,0,0,0,0,,0,0
ST1AXR4,"MEN XANDER 4, OLIVE",5,0,0,0,0,0,0,,0,0
SJ1AXR4,"MEN XANDER 4, OLIVE",5,0,0,0,0,0,0,,0,0
ST1AXR5,"MEN XANDER 5, GRAY BLACK",5,0,0,0,0,0,0,,0,0
SJ1AXR5,"MEN XANDER 5, GRAY BLACK",5,0,0,0,0,0,0,,0,0
M1AZZXR1,"MEN XANDER 1, BLACK NAVY",5,0,0,0,0,0,0,,0,0
M1AZZXR3,"MEN XANDER 3, BEIGE BROWN",5,0,0,0,0,0,0,,0,0
M1AZZXR6,"MEN XANDER 6, BLACK BLACK",5,0,0,0,0,0,0,,0,0
M1AZZXR7,"MEN XANDER 7, NAVY GREY",5,0,0,0,0,0,0,,0,0
M1AZZSL5,"Men Slide 5, Black Black",5,0,0,0,0,0,0,,0,0
M1AZZSL6,"MEN SLIDE 6, BLACK WHITE",5,0,0,0,0,0,0,,0,0
M1AZZSL7,"MEN SLIDE 7, NAVY WHITE",5,0,0,0,0,0,0,,0,0
SJ1ACO1,"Men Camo 1, Black",5,0,0,0,0,0,0,,0,0
SJ1ACO2,"Men Camo 2, Navy",5,0,0,0,0,0,0,,0,0
SJ1ACO3,"Men Camo 3, Gray",5,0,0,0,0,0,0,,0,0
SJ1ACO4,"Men Camo 4, Red",5,0,0,0,0,0,0,,0,0
SJ1ACO5,"Men Camo 5, Olive",5,0,0,0,0,0,0,,0,0
SJ1ACL1,"Men Collab 1, Zuma x Gudetama Black",5,0,0,0,0,0,0,,0,0
SJ1APM1,"Men Powermax 1, Black",5,0,0,0,0,0,0,,0,0
SJ1APM2,"Men Powermax 2, Navy",5,0,0,0,0,0,0,,0,0
SJ1APM3,"Men Powermax 3, Red",5,0,0,0,0,0,0,,0,0
SJ1ABU,"MEN X ZUMA BU, MEN ZUMA X BU BLACK",5,0,0,0,0,0,0,,0,0
SJ2ACA1,"Ladies Classic 1, Jet Black",5,0,0,0,0,0,0,,0,0
SJ2ACA2,"Ladies Classic 2, Steel Gray",5,0,0,0,0,0,0,,0,0
SJ2ACA3,"Ladies Classic 3, Goat",5,0,0,0,0,0,0,,0,0
SJ2ACA4,"Ladies Classic 4, Twilight Blue",5,0,0,0,0,0,0,,0,0
SJ2ACA5,"Ladies Classic 5, Berry",5,0,0,0,0,0,0,,0,0
SJ2ACA6,"Ladies Classic 6, Fuschia Red",5,0,0,0,0,0,0,,0,0
SJ2ACA7,"Ladies Classic 7, Ginger Snap",5,0,0,0,0,0,0,,0,0
SJ2ACA8,"Ladies Classic 8, Bleached Sand",5,0,0,0,0,0,0,,0,0
SJ2ACA9,"Ladies Classic 9, Ceramic",5,0,0,0,0,0,0,,0,0
SJ2ACA10,"Ladies Classic 10, Aruba Blue",5,0,0,0,0,0,0,,0,0
SJ2ACA11,"Ladies Classic 11, Pine Cone",5,0,0,0,0,0,0,,0,0
SJ2ACA12,"Ladies Classic 12, Liberty",5,0,0,0,0,0,0,,0,0
SJ2ACA13,"Ladies Classic 13, Flamingo-Paloma",5,0,0,0,0,0,0,,0,0
SJ2ACA14,"Ladies Classic 14, Praline-Sand",5,0,0,0,0,0,0,,0,0
SJ2ACA15,"Ladies Classic 15, Sand-Bachelor",5,0,0,0,0,0,0,,0,0
SJ2ACA16,"Ladies Classic 16, Carnation-Bachelor",5,0,0,0,0,0,0,,0,0
SJ2ACA17,"Ladies Classic 17, Blanc-Birch",5,0,0,0,0,0,0,,0,0
SJ2ACA18,"Ladies Classic 18, Berry-Twilight",5,0,0,0,0,0,0,,0,0
SJ2ACA19,"Ladies Classic 19, Sphinx-Peach",5,0,0,0,0,0,0,,0,0
SJ2ACA20,"Ladies Classic 20, Passion-Carnation",5,0,0,0,0,0,0,,0,0
SJ2ACA21,"Ladies Classic 21, Black-Gold",5,0,0,0,0,0,0,,0,0
SJ2ASP1,"Ladies Stripe 1, Ginger Nectar-Aqua",5,0,0,0,0,0,0,,0,0
SJ2ASP2,"Ladies Stripe 2, Black Gray-Pink",5,0,0,0,0,0,0,,0,0
SJ2ASP3,"Ladies Stripe 3, Twilight Pink-Blue",5,0,0,0,0,0,0,,0,0
SJ2ASP4,"Ladies Stripe 4, Sand Brown-Orange",5,0,0,0,0,0,0,,0,0
SJ2ASP5,"Ladies Stripe 5, White Nectar-Blue",5,0,0,0,0,0,0,,0,0
SJ2ASP6,"Ladies Stripe 6, Carnation Blue-Yellow",5,0,0,0,0,0,0,,0,0
SJ2ASP7,"Ladies Stripe 7, Black Fuschia-Yellow",5,0,0,0,0,0,0,,0,0
SJ2ASP8,"Ladies Stripe 8, Gray Purple-Fuschia",5,0,0,0,0,0,0,,0,0
SJ2ASP9,"Ladies Stripe 9, Carnation Blue-Yellow",5,0,0,0,0,0,0,,0,0
SJ2ASP10,"Ladies Stripe 10, Light Rose-White",5,0,0,0,0,0,0,,0,0
SJ2ASP11,"Ladies Stripe 11, Mujito-Orange",5,0,0,0,0,0,0,,0,0
SJ2ASP12,"Ladies Stripe 12, Black-Pink White",5,0,0,0,0,0,0,,0,0
SJ2APL1,"Ladies Pillow 1, Black",5,0,0,0,0,0,0,,0,0
SJ2APL2,"Ladies Pillow 2, White-Black",5,0,0,0,0,0,0,,0,0
SJ2APL3,"Ladies Pillow 3, Brick-Black",5,0,0,0,0,0,0,,0,0
SJ2APL4,"Ladies Pillow 4, Pink-Black",5,0,0,0,0,0,0,,0,0
SJ2APL5,"Ladies Pillow 5, Brown-Black",5,0,0,0,0,0,0,,0,0
SJ2APL6,"Ladies Pillow 6, Bachelor-Carnation",5,0,0,0,0,0,0,,0,0
SJ2APL7,"Ladies Pillow 7, Black-Lavender",5,0,0,0,0,0,0,,0,0
SJ2APL9,"Ladies Pillow 9, Turquoise-Mint",5,0,0,0,0,0,0,,0,0
SJ2APL10,"Ladies Pillow 10, Brown-Taupe",5,0,0,0,0,0,0,,0,0
SJ2APL11,"Ladies Pillow 11, Twilight-Peach",5,0,0,0,0,0,0,,0,0
SJ2APL12,"Ladies Pillow 12, Stucco-Yellow",5,0,0,0,0,0,0,,0,0
SJ2APL13,"Ladies Pillow 13, Canal-Blue",5,0,0,0,0,0,0,,0,0
SJ2APL14,"Ladies Pillow 14, Twilight-Flamingo",5,0,0,0,0,0,0,,0,0
SJ2APL15,"Ladies Pillow 15, Silver-Flamingo",5,0,0,0,0,0,0,,0,0
L2AZPL1,"Ladies Pillow 1, Black V2",5,0,0,0,0,0,0,,0,0
SJ27PL1,"LADIES PILLOW 1, BLACK",5,0,0,0,0,0,0,,0,0
L2AZPL2,"Ladies Pillow 2, White-Black V2",5,0,0,0,0,0,0,,0,0
L2AZPL3,"Ladies Pillow 3, Brick-Black V2",5,0,0,0,0,0,0,,0,0
L2AZPL10,"Ladies Pillow 10, Brown-Taupe V2",5,0,0,0,0,0,0,,0,0
L2AZPL14,"Ladies Pillow 14, Twilight-Flamingo V3",5,0,0,0,0,0,0,,0,0
L2APL16,"Ladies Pillow 16, Navy Purple",5,0,0,0,0,0,0,,0,0
L2AZPL16,"Ladies Pillow 16, Navy Purple V2",5,0,0,0,0,0,0,,0,0
L2APL17,"Ladies Pillow 17, Navy Silver",5,0,0,0,0,0,0,,0,0
L2AZPL17,"LADIES PILLOW 17, 36, NAVY SILVER",5,0,0,0,0,0,0,,0,0
L2APL18,"Ladies Pillow 18, Black Rose",5,0,0,0,0,0,0,,0,0
SJ2AWG1,"Ladies Wedges 1, Black Gold",5,0,0,0,0,0,0,,0,0
SJ2AWG2,"Ladies Wedges 2, Jet Black",5,0,0,0,0,0,0,,0,0
SJ2AWG3,"Ladies Wedges 3, Navy",5,0,0,0,0,0,0,,0,0
SJ2AWG4,"Ladies Wedges 4, Ginger Snap",5,0,0,0,0,0,0,,0,0
SJ2AWG5,"Ladies Wedges 5, Red",5,0,0,0,0,0,0,,0,0
SJ2AWG6,"Ladies Wedges 6, Air Blue",5,0,0,0,0,0,0,,0,0
SJ2AWG7,"Ladies Wedges 7, Silver",5,0,0,0,0,0,0,,0,0
SJ2AWG8,"Ladies Wedges 8, Teal Green",5,0,0,0,0,0,0,,0,0
SJ2AWG9,"Ladies Wedges 9, Aqua Haze",5,0,0,0,0,0,0,,0,0
SJ2AST1,"Ladies Strappy 1, Jet Black",5,0,0,0,0,0,0,,0,0
SJ2AST2,"Ladies Strappy 2, Black Raspberry",5,0,0,0,0,0,0,,0,0
SJ2AST3,"Ladies Strappy 3, Silver Navy",5,0,0,0,0,0,0,,0,0
SJ2AST4,"Ladies Strappy 4, Silver Deep Coral",5,0,0,0,0,0,0,,0,0
SJ2AST5,"Ladies Strappy 5, Gold Black",5,0,0,0,0,0,0,,0,0
L2AST5,"Ladies Strappy 5, Gold Black V2",5,0,0,0,0,0,0,,0,0
L2AST6,"Ladies Strappy 6, Gold Cream V2",5,0,0,0,0,0,0,,0,0
L2AZST6,"Ladies Strappy 6, Gold Cream V3",5,0,0,0,0,0,0,,0,0
SJ1ACA1,"MEN CLASSIC 1, JET BLACK",5,0,0,0,0,0,0,,0,0
SJ2AAC1,"Ladies Ayang 1, Cream",5,0,0,0,0,0,0,,0,0
SJ2AAC2,"Ladies Ayang 2, Teal Blue",5,0,0,0,0,0,0,,0,0
SJ2AAC3,"Ladies Ayang 3, Blush Pink",5,0,0,0,0,0,0,,0,0
SJ2AAC4,"Ladies Ayang 4, Teal Green",5,0,0,0,0,0,0,,0,0
SJ2ACO1,"Ladies Camo 1, Black",5,0,0,0,0,0,0,,0,0
SJ2ACO2,"Ladies Camo 2, Navy",5,0,0,0,0,0,0,,0,0
SJ2ACO3,"Ladies Camo 3, White",5,0,0,0,0,0,0,,0,0
SJ2ACO4,"Ladies Camo 4, Black Pink",5,0,0,0,0,0,0,,0,0
SJ2ACO5,"Ladies Camo 5, Black Gold",5,0,0,0,0,0,0,,0,0
SJ2ACL1,"Ladies Collab 1, Dough Darlings",5,0,0,0,0,0,0,,0,0
SJ2ACL2,"Ladies Collab 2, Zuma x Hello Kitty Navy",5,0,0,0,0,0,0,,0,0
SJ2ACL3,"Ladies Collab 3, Zuma x Gudetama Beige",5,0,0,0,0,0,0,,0,0
SJ2ACL4,"Ladies Collab 4, Zuma x Gudetama Black",5,0,0,0,0,0,0,,0,0
SJ2ACL5,"Ladies Collab 5, Zuma x Gudetama Yellow",5,0,0,0,0,0,0,,0,0
SJ2AJO1,"Ladies Jovie 1, Zuma X Jovie Adhiguna Black",5,0,0,0,0,0,0,,0,0
SJ2AJO2,"Ladies Jovie 2, Zuma X Jovie Adhiguna White",5,0,0,0,0,0,0,,0,0
SJ2AJO3,"Ladies Jovie 3, Zuma X Jovie Adhiguna Tosca",5,0,0,0,0,0,0,,0,0
SJ2ATP1,"Ladies Tropical 1, Twilight",5,0,0,0,0,0,0,,0,0
SJ2ATP2,"Ladies Tropical 2, Soft Pink",5,0,0,0,0,0,0,,0,0
L2AZLT1,"LADIES LOONEY TUNES BUGS 1, GREY",5,0,0,0,0,0,0,,0,0
L2AZLT2,"LADIES LOONEY TUNES TWEETY 2, YELLOW",5,0,0,0,0,0,0,,0,0
SJ1KCL1,"Boys Collab 1, Zuma x Gudetama Black",5,0,0,0,0,0,0,,0,0
SJ1KCL2,"Boys Collab 2, Zuma x Gudetama Yellow",5,0,0,0,0,0,0,,0,0
SJ1KCL3,"Boys Collab 3, Disney Mickey Black",5,0,0,0,0,0,0,,0,0
SJ1KCL4,"Boys Collab 4, Disney Mickey Red",5,0,0,0,0,0,0,,0,0
SJ1KSP1,"Boys Stripe 1, Black Turquoise",5,0,0,0,0,0,0,,0,0
SJ1KSP2,"Boys Stripe 2, Navy Red",5,0,0,0,0,0,0,,0,0
SJ1KSP3,"Boys Stripe 3, Red Navy",5,0,0,0,0,0,0,,0,0
SJ1KSP4,"Boys Stripe 4, Gray Orange",5,0,0,0,0,0,0,,0,0
SJ1KSP5,"Boys Stripe 5, Tangerine-Blue",5,0,0,0,0,0,0,,0,0
SJ1KSP6,"Boys Stripe 6, Mosaic-Blue-Navy",5,0,0,0,0,0,0,,0,0
M1KZCL5,"BOYS COLLAB 5, SPACE JAM 01 BLACK",5,0,0,0,0,0,0,,0,0
M1KZCL6,"BOYS COLLAB 6, SPACE JAM 01 GREY",5,0,0,0,0,0,0,,0,0
M1KZCL7,"BOYS COLLAB 7, SPACE JAM 02 ROYAL BLUE",5,0,0,0,0,0,0,,0,0
M1KZCL8,"BOYS COLLAB 8, SPACE JAM 02 TURQUOISE",5,0,0,0,0,0,0,,0,0
SJ2KCL1,"Girls Collab 1, Zuma x Gudetama Black",5,0,0,0,0,0,0,,0,0
SJ2KCL2,"Girls Collab 2, Zuma x Gudetama Yellow",5,0,0,0,0,0,0,,0,0
SJ2KCL3,"Girls Collab 3, Disney Minnie Blue",5,0,0,0,0,0,0,,0,0
SJ2KCL4,"Girls Collab 4, Disney Minnie Coral",5,0,0,0,0,0,0,,0,0
SJ2KSP2,"Girls Stripe 2, Navy Pink",5,0,0,0,0,0,0,,0,0
SJ2KSP3,"Girls Stripe 3, Carnation Bachelor",5,0,0,0,0,0,0,,0,0
SJ2KSP4,"Girls Stripe 4, Blue Fuschia",5,0,0,0,0,0,0,,0,0
SJ2KSP5,"Girls Stripe 5, Peach Skin-Yellow",5,0,0,0,0,0,0,,0,0
BB2BZHK1,"BABY GIRLS HELLO KITTY 1, PINK V2",5,0,0,0,0,0,0,,0,0
BB2BZHK2,"BABY GIRLS HELLO KITTY 2, TOSCA V2",5,0,0,0,0,0,0,,0,0
L7KSP01,"GIRLS STRIPE 1, BLACK PINK",5,0,0,0,0,0,0,,0,0
M2XR04,"MEN XANDER 4, OLIVE",5,0,0,0,0,0,0,,0,0
M2XR06,"MEN XANDER 6, BLACK BLACK",5,0,0,0,0,0,0,,0,0
M2XR07,"MEN XANDER 7,  NAVY GREY",5,0,0,0,0,0,0,,0,0
M1SL12,"MEN SLIDE CAMO 12, BLACK",5,0,0,0,0,0,0,,0,0
SJ1ASP11,"MEN STRIPE 11, GRAY LIME",5,0,0,0,0,0,0,,0,0
M1BL02,"MEN BLACK SERIES 2, PEACHOCK BLUE",5,0,0,0,0,0,0,,0,0
L2AZST1,"Ladies Strappy 1, Jet Black V3",5,0,0,0,0,0,0,,0,0
L2AZST3,"Ladies Strappy 3, Silver Navy V2",5,0,0,0,0,0,0,,0,0
L3ST05,"LADIES STRAPPY 5, GOLD BLACK",5,0,0,0,0,0,0,,0,0
L1ST06,LADIES STRAPPY 6 GOLD CREAM,5,0,0,0,0,0,0,,0,0
L2AZPL5,"Ladies Pillow 5, Brown-Black V2",4,0,0,0,0,0,0,,0,0
L2APL14,"Ladies Pillow 14, Twilight-Flamingo V2",4,0,0,0,0,0,0,,0,0
K2LE01,"KIDS ZUMA LEEVIERRA,BUCKTHORN",4,0,0,0,0,0,0,,0,0
K2LE02,"KIDS ZUMA LEEVIERRA,PLAID",4,0,0,0,0,0,0,,0,0
M1AZDL2,"MAN DALLAS 2, NAVY",0,0,0,0,0,0,0,,0,0
BG2CA03,"BABY GIRLS CLASSIC 3,PASTEL LILAC",0,0,0,0,0,0,0,,0,0
K2LE03,"KIDS ZUMA LEEVIERRA,SHUNSINE",4,0,0,0,0,0,0,,0,0
Z2MF02,"BABY BOYS COLLAB 2, DISNEY MICKEY & FRIENDS BLUE",3,0,0,0,0,0,0,,0,0
M1SL14,"MEN SLIDE MAX 14,BLACK",3,0,0,0,0,0,0,,0,0
L1ES04,"LADIES ELSA SURFER GIRL 4,OLIVE",4,0,0,0,0,0,0,,0,0
L1ES01,"LADIES ELSA SURFER GIRL 1,BLACK",4,0,0,0,0,0,0,,0,0
L1ES02,"LADIES ELSA SURFER GIRL 2,NAVY",4,0,0,0,0,0,0,,0,0
L1ES03,"LADIES ELSA SURFER GIRL 3,PINK",4,0,0,0,0,0,0,,0,0
M1SL16,"MEN SLIDE MAX 16,ARMY",2,0,0,0,0,0,0,,0,0
M1SL15,"MEN SLIDE 15,NAVY",3,0,0,0,0,0,0,,0,0
M1ON08,"MEN ONYX 8,BLACK GREY",1,0,0,0,0,0,0,,0,0
M1ON09,"MEN ONYX 9,NAVY BLACK",3,0,0,0,0,0,0,,0,0
M1ON11,"MEN ONYX 11, TURQUOISE BLACK",2,0,0,0,0,0,0,,0,0
M1ON10,"MEN ONYX 10,NAVY NAVY",3,0,0,0,0,0,0,,0,0
Z2MF01,BABY GIRLS COLLAB 1 DISNEY MICKEY & FRIENDS PINK,2,2,0,19,21,0,0,,0,21
Z2MF03,BABY BOYS COLLAB 3 DISNEY MICKEY & FRIENDS BROWN,1,31,0,0,31,0,0,,0,31
M2SM07,"MEN SUMMER 7,WAVE TARACOTA",4,0,0,0,0,0,0,,0,0
Z2PS01,"BABY GIRLS PRINCESS SNOW WHITE 1,RED ",4,0,0,0,0,0,0,,0,0
Z2PS02,"BABY GIRLS PRINCESS BELLE 2,YELLOW",4,0,0,0,0,0,0,,0,0
Z2PS03,"BABY GIRLS PRINCESS ARIEL 3,GREEN",4,1,0,0,1,0,0,,0,1
Z2PS04,"BABY GIRLS PRINCESS CINDERELLA 4,BLUE",4,0,0,0,0,0,0,,0,0
L2SM06,"LADIES SUMMER 6,SUNSET NAVY ",4,0,0,0,0,0,0,,0,0
L2SM05,"LADIES SUMMER 5,CAMBOJA BLACK",4,0,0,0,0,0,0,,0,0
L2SM07,"LADIES SUMMER 7,FLAMINGOS VIVA MAGENTA",4,0,0,0,0,0,0,,0,0
M2SM05,"MEN SUMMER 5,AMAZON BLACK",4,0,0,0,0,0,0,,0,0
M2SM06,"MEN SUMMER 6,SUNSET NAVY",4,0,0,0,0,0,0,,0,0
M2SM08,"MEN SUMMER 8,TURTLE TURKISH",4,0,0,0,0,0,0,,0,0
M1ON12,"MEN ONYX Z 12, BLACK BLACK",1,0,0,0,0,0,0,,0,0
L2SM08,"LADIES SUMMER 8, TURTLE TURKISH",4,0,0,0,0,0,0,,0,0
L1FL07,"LADIES FLO 7, OTTER",2,0,0,0,0,0,0,,0,0
L1FL08,"LADIES FLO 8, SPRING LAKE",4,0,0,0,0,0,0,,0,0
M1DL05,"MEN DALLAS 5, ALMOND",2,0,0,0,0,0,0,,0,0
M1DL06,"MEN DALLAS 6, ARMY",4,0,0,0,0,0,0,,0,0
M1CA33,"MEN CLASSIC EARTH 33, MOCHA",2,0,0,0,0,0,0,,0,0
M1CA34,"MEN CLASSIC EARTH 34, DARK GREEN",4,0,0,0,0,0,0,,0,0
M1CA35,"MEN CLASSIC EARTH 35, MACCHIATO",4,0,0,0,0,0,0,,0,0
M1CA36,"MEN CLASSIC EARTH 36, OLIVE",4,0,0,0,0,0,0,,0,0
L1CA31,"LADIES CLASSIC EARTH 31, JADE",4,0,0,0,0,0,0,,0,0
L1CA33,"LADIES CLASSIC EARTH 33, ROSY BROWN",2,0,0,0,0,0,0,,0,0
L1CA34,"LADIES CLASSIC EARTH 34, ROSE",1,0,0,0,0,0,0,,0,0
L1CA35,"LADIES CLASSIC EARTH 35, MACCHIATO",4,0,0,0,0,0,0,,0,0
L1CA36,"LADIES CLASSIC EARTH 36, OCHRE",1,0,0,0,0,0,0,,0,0
L1FY01,"LADIES FREYA 1, JET BLACK",4,0,0,0,0,0,0,,0,0
L1FY02,"LADIES FREYA 2, BLACK GOLD",4,0,0,0,0,0,0,,0,0
L1FY03,"LADIES FREYA 3, BROWNIE",4,0,0,0,0,0,0,,0,0
L1FY04,"LADIES FREYA 4, NAVY",4,0,0,0,0,0,0,,0,0
L1FY05,"LADIES FREYA 5, NAVY SILVER",4,0,0,0,0,0,0,,0,0
L1FY06,"LADIES FREYA 6, MUSTARD",4,0,0,0,0,0,0,,0,0
M1CA01-B,"MEN CLASSIC 1, JET BLACK (45/46)",4,0,0,0,0,0,0,,0,0
M1SP07-B,"MEN STRIPE 7, BLACK TAN WHITE (45/46)",4,0,0,0,0,0,0,,0,0
M1CA23-B,"MEN CLASSIC 23, NAVY BLACK (45/46)",4,0,0,0,0,0,0,,0,0
M1BL03-B,"MEN BLACK SERIES 3, COSMIC GREY (45/46)",4,0,0,0,0,0,0,,0,0
M1SP01-B,"MEN STRIPE 1, BLACK BLUE RED (45/46)",4,0,0,0,0,0,0,,0,0
M1SP11-B,"MEN STRIPE 11, GRAY LIME (45/46)",4,0,0,0,0,0,0,,0,0
M1CA27-B,"MEN CLASSIC 27, GREY GREY (45/46)",4,0,0,0,0,0,0,,0,0
M1BL06-B,MEN BLACK SERIES 6 STONE BLUE (45/46),4,0,0,0,0,0,0,,0,0
M1BL05-B,"MEN BLACK SERIES 5, PEANUT (45/46)",4,0,0,0,0,0,0,,0,0
B2TS01,"BOYS TOY STORY 1, BROWN",2,31,0,0,31,0,0,,0,31
B2TS02,"BOYS TOY STORY 2, BLUE",1,33,0,0,33,0,0,,0,33
Z2TS01,"BABY BOYS TOY STORY 1, BROWN",3,76,-1,0,75,0,0,,0,75
Z2TS02,"BABY BOYS TOY STORY 2, BLUE",4,0,0,0,0,0,0,,0,0
Z2TS03,"BABY BOYS TOY STORY 3, GREEN",3,0,94,0,94,0,0,,0,94
Z2CA04,"BABY CLASSIC 4, NAVY",1,0,0,0,0,0,0,,0,0
Z2CA05,"BABY CLASSIC 5, COFFEE",1,0,0,0,0,0,0,,0,0
Z2CA06,"BABY CLASSIC 6, GREY",1,0,0,0,0,0,0,,0,0
Z2CA07,"BABY CLASSIC 7, HONEY GINGER",2,0,0,0,0,0,0,,0,0
Z2CA08,"BABY CLASSIC 8, NUDE",2,0,0,0,0,0,0,,0,0
Z2CA09,"BABY CLASSIC 9, SAGE",2,0,0,0,0,0,0,,0,0
M1CA24-B,"MEN CLASSIC 24, NAVY GREY (45/46)",4,0,0,0,0,0,0,,0,0
M1HN01,"MEN HANZO 1, BLACK",4,0,0,0,0,0,0,,0,0
M1HN02,"MEN HANZO 2, NAVY",4,0,0,0,0,0,0,,0,0
M1HN03,"MEN HANZO 3, GREEN",4,0,0,0,0,0,0,,0,0
Z2BT01,"BABY BATMAN 1, BLUE",1,167,0,0,167,0,0,,0,167
Z2BT02,"BABY BATMAN 2, YELLOW",4,0,0,0,0,0,0,,0,0
L1CA37,"LADIES CLASSIC 37, NUDE",1,0,0,0,0,0,0,,0,0
L1CA38,"LADIES CLASSIC 38, SAGE ",3,0,0,0,0,0,0,,0,0
M1BL08,"MEN BLACK SERIES 8, NAVY",2,0,0,0,0,0,0,,0,0
M1BL09,"MEN BLACK SERIES 9, ARMY",1,0,0,0,0,0,0,,0,0
M1BL10,"MEN BLACK SERIES 10, TERRACOTTA",3,0,0,0,0,0,0,,0,0
M1SL17,"MEN SLIDE MAX 17, BLACK BLUE",2,0,0,0,0,0,0,,0,0
M1SL19,"MEN SLIDE MAX 19, MOCHA",4,0,0,0,0,0,0,,0,0
J1CA01,"JUNIOR CLASSIC 1, BLACK",2,0,0,0,0,0,0,,0,0
J1CA04,"JUNIOR CLASSIC 4, ARMY",4,0,0,0,0,0,0,,0,0
B2CA01,"BOYS CLASSIC 1, BLACK",2,0,0,0,0,0,0,,0,0
J1CA03,"JUNIOR CLASSIC 3, NAVY",3,0,0,0,0,0,0,,0,0
J1CA02,"JUNIOR CLASSIC 2, GREY",2,0,0,0,0,0,0,,0,0
B2CA03,"BOYS CLASSIC 3, ARMY",4,0,0,0,0,0,0,,0,0
B2CA02,"BOYS CLASSIC 2, NAVY",1,0,0,0,0,0,0,,0,0
G2CA01,"GIRLS CLASSIC 1, NAVY",3,0,0,0,0,0,0,,0,0
G2CA02,"GIRLS CLASSIC 2, CANDY PINK",3,0,0,0,0,0,0,,0,0
M1SP13,"MEN STRIPE 13, GREY GREEN WHITE",1,0,0,0,0,0,0,,0,0
B1SL01,"BOYS SLIDE MAX 1,  BLACK",1,0,0,0,0,0,0,,0,0
G2CA03,"GIRLS CLASSIC 3, HAZELNUT",4,0,0,0,0,0,0,,0,0
Z2DM02,"BABY DISNEY MICKEY 2, NAVY",3,0,37,0,37,0,0,,0,37
Z2DM01,"BABY DISNEY MICKEY 1, RED",3,0,0,0,0,0,0,,0,0
Z2DI01,"BABY DISNEY MINNIE 1, LAVENDER",1,0,42,0,42,0,0,,0,42
Z2DI02,"BABY DISNEY MINNIE 2, BLUSH NUDE",1,0,0,0,0,0,0,,0,0
B1SL03,"BOYS SLIDE MAX 3, ARMY",3,1,0,0,1,0,0,,0,1
M1SL18,"MEN SLIDE MAX 18, GREY",4,0,0,0,0,0,0,,0,0
B2MMV101,"BOYS MICKEY MOUSE 1, BLACK",1,0,0,0,0,0,0,,0,0
B2MMV102,"BOYS MICKEY MOUSE 2, MOCHA",3,0,0,0,0,0,0,,0,0
B1SL02,"BOYS SLIDE MAX 2, NAVY",3,0,0,0,0,0,0,,0,0
L1SPV101,"LADIES SLIDE PUFFY 1, BLACK",1,0,0,0,0,0,0,,0,0
G2MEV101,"GIRLS MICKEY MINNIE 1, BLACK",3,0,0,0,0,0,0,,0,0
G2MEV103,"GIRLS MICKEY MINNIE 3, ROSE",3,53,0,0,53,0,0,,0,53
M1LCV101,"MEN LUCA 1, BLACK",4,0,0,0,0,0,0,,0,0
M1LCV102,"MEN LUCA 2, BROWN",3,0,0,0,0,0,0,,0,0
M1LCV103,"MEN LUCA 3, GREEN",4,0,0,0,0,0,0,,0,0
M1LCV104,"MEN LUCA 4, NAVY",4,0,0,0,0,0,0,,0,0
B2MMV103,"BOYS MICKEY MOUSE 3, BLUE",1,55,0,0,55,0,0,,0,55
G2MEV102,"GIRLS MICKEY MINNIE 2, SAGE",2,0,0,0,0,0,0,,0,0
L1LNV101,"LADIES LUNA 1, BLACK",3,0,0,0,0,0,0,,0,0
L1LNV102,"LADIES LUNA 2, MOCHA",4,0,0,0,0,0,0,,0,0
L1LNV103,"LADIES LUNA 3, WHITE",2,0,0,0,0,0,0,,0,0
L1LNV104,"LADIES LUNA 4, NAVY",4,0,0,0,0,0,0,,0,0
M1COV101,"MEN CLOUD 1, BLACK",4,0,0,0,0,0,0,,0,0
M1COV102,"MEN CLOUD 2, NAVY",4,0,0,0,0,0,0,,0,0
M1COV103,"MEN CLOUD 3, ALMOND",4,0,0,0,0,0,0,,0,0
M1COV104,"MEN CLOUD 4, TEAL BLACK",4,0,0,0,0,0,0,,0,0
M1COV105,"MEN CLOUD 5, BLACK GREY",4,0,0,0,0,0,0,,0,0
M1COV106,"MEN CLOUD 6, ARMY KHAKI",4,0,0,0,0,0,0,,0,0
L1CAV137,"LADIES CLASSIC 37, NUDE",1,0,0,0,0,0,0,,0,0
L1CAV138,"LADIES CLASSIC 38, SAGE",3,0,0,0,0,0,0,,0,0
Z2CAV104,"BABY CLASSIC 4, NAVY",1,1,0,123,124,0,0,,0,124
L1WGV104,"LADIES WEDGES 4, GINGER SNAP",2,0,0,0,0,0,0,,0,0
L1WGV103,"LADIES WEDGES 3, NAVY",2,0,0,0,0,0,0,,0,0
M1CAV123,"MEN CLASSIC 23, NAVY BLACK",1,0,0,0,0,0,0,,0,0
M1SPV107,"MEN STRIPE 7, BLACK TAN WHITE",1,0,0,0,0,0,0,,0,0
L1EAV111,"LADIES ELSA 11, GINGERSNAP",1,0,0,0,0,0,0,,0,0
M1SPV108,"MEN STRIPE 8, TWILIGHT RED WHITE",1,0,0,0,0,0,0,,0,0
L1SPV103,"LADIES SLIDE PUFFY 3, SILVER",4,0,0,0,0,0,0,,0,0
L1SPV102,"LADIES SLIDE PUFFY 2, REDWOOD",2,0,0,0,0,0,0,,0,0
L1SPV104,"LADIES SLIDE PUFFY 4, NAVY",2,0,0,0,0,0,0,,0,0
L1SPV105,"LADIES SLIDE PUFFY 5, OTTER",3,0,0,0,0,0,0,,0,0
L1EAV110,"LADIES ELSA 10, SILVER NAVY",1,0,0,0,0,0,0,,0,0
M2SMV310,"MEN SUMMER 10, BANANA BLACK",4,0,0,0,0,0,0,,0,0
M2SMV311,"MEN SUMMER 11, DEEP TEAL",4,0,0,0,0,0,0,,0,0
L2SMV309,"LADIES SUMMER 9, FOREST BLACK",4,0,0,0,0,0,0,,0,0
M2SMV309,"MEN SUMMER 9, JUNGLE BLACK",4,0,0,0,0,0,0,,0,0
M2SMV312,"MEN SUMMER 12, PALM NAVY",4,0,0,0,0,0,0,,0,0
L2SMV310,"LADIES SUMMER 10, FLORAL NAVY",4,0,0,0,0,0,0,,0,0
M1SPV101,"MEN STRIPE 1, BLACK BLUE RED",1,0,0,0,0,0,0,,0,0
L1CAV122,"LADIES CLASSIC 22, NAVY NAVY",1,0,0,0,0,0,0,,0,0
L2SMV311,"LADIES SUMMER 11, AQUA HAZE",4,0,0,0,0,0,0,,0,0
L1CMV105,"LADIES CLASSIC METALIC 05, TEAL GREEN",1,0,0,0,0,0,0,,0,0
L1WGV102,"LADIES WEDGES 2, JET BLACK",3,0,0,0,0,0,0,,0,0
L2SMV312,"LADIES SUMMER 12, BRIDAL BLUSH",4,0,0,0,0,0,0,,0,0
M1SPV110,"MEN STRIPE 10, ALMOND BLACK",1,0,0,0,0,0,0,,0,0
L1EAV112,"LADIES ELSA 12, BROWINE GOLD",3,0,0,0,0,0,0,,0,0
M1DLV101,MEN DALLAS 1 JET BLACK,1,59,0,0,59,0,0,,0,59
L1FLV101,"LADIES FLO 1, BLACK",1,108,0,0,108,0,0,,0,108
L1FLV103,"LADIES FLO 3, LIGHT BROWN",1,90,0,0,90,0,0,,0,90
Z2CAV107,"BABY CLASSIC 7, HONEY GINGER",2,0,0,40,40,0,0,,0,40
L1WIV101,"LADIES WEDGES IRIS 1, BLACK",3,5,0,0,5,0,0,,0,5
L1WIV102,"LADIES WEDGES IRIS 2, MIDNIGHT BLUE",4,0,0,0,0,0,0,,0,0
L1WIV103,"LADIES WEDGES IRIS 3, DUSTY PINK",4,0,0,0,0,0,0,,0,0
L1WIV104,"LADIES WEDGES IRIS 4, BEIGE",4,0,0,0,0,0,0,,0,0
M1CAV101,"MEN CLASSIC 1, JET BLACK",1,0,0,0,0,0,0,,0,0
L1CAV101,"LADIES CLASSIC 1, JET BLACK",1,0,0,0,0,0,0,,0,0
L1CMV104,"LADIES CLASSIC METALIC 4, GINGER SNAP",1,0,0,0,0,0,0,,0,0
L1CMV101,"LADIES CLASSIC METALIC 1, BLACK GOLD",2,0,0,0,0,0,0,,0,0
L1CAV134,"LADIES CLASSIC EARTH 34, ROSE",4,0,0,0,0,0,0,,0,0
Z2CAV105,"BABY CLASSIC 5, COFFEE",1,80,0,0,80,0,0,,0,80
Z2CAV106,"BABY CLASSIC 6, GREY",1,0,0,0,0,0,0,,0,0
L1EAV207,"LADIES ELSA 7, BLACK GOLD",2,0,0,0,0,0,0,,0,0
G2CAV201,"GIRLS CLASSIC 1, NAVY",2,0,0,0,0,0,0,,0,0
G2CAV202,"GIRLS CLASSIC 2, CANDY PINK",2,0,0,0,0,0,0,,0,0
M1SPV111,"MEN STRIPE 11, GRAY LIME",1,0,0,0,0,0,0,,0,0
M1BLV109,"MEN BLACK SERIES 9, ARMY",1,0,0,0,0,0,0,,0,0
Z2CAV109,"BABY CLASSIC 9, SAGE",2,71,0,50,121,0,0,,0,121
Z2CAV108,"BABY CLASSIC 8, NUDE",2,0,0,0,0,0,0,,0,0
L1EAV210,"LADIES ELSA 10, SILVER NAVY",1,0,0,0,0,0,0,,0,0
L1EAV211,"LADIES ELSA 11, GINGERSNAP",1,1,0,0,1,0,0,,0,1
L1CAV129,"LADIES CLASSIC 29, NAVY HOTPINK",1,0,0,0,0,0,0,,0,0
L1CAV132,"LADIES CLASSIC 32, BLACK STONE",1,0,0,0,0,0,0,,0,0
M1ONV111,"MEN ONYX Z 11, TURQUOISE",1,78,0,0,78,0,0,,0,78
M1ONV112,"MEN ONYX Z 12, BLACK BLACK",2,88,0,0,88,0,0,,0,88
M1ONV109,"MEN ONYX Z 9, NAVY BLACK",3,18,0,0,18,0,0,,0,18
M1ONV110,"MEN ONYX Z 10, NAVY NAVY",3,7,0,0,7,0,0,,0,7
L1CAV136,"LADIES CLASSIC EARTH 36, OCHRE",1,0,0,0,0,0,0,,0,0
L1CMV102,"LADIES CLASSIC METALIC 2, BLEACH SAND",1,0,0,0,0,0,0,,0,0
L1CAV131,"LADIES CLASSIC EARTH 31, JADE",4,0,0,0,0,0,0,,0,0
M1SPV102,"MEN STRIPE 2, TWILIGHT ORANGE GREEN",1,0,0,0,0,0,0,,0,0
L1FLV109,"LADIES FLO 9, GREY",3,13,0,0,13,0,0,,0,13
L1FLV110,"LADIES FLO 10, REDWOOD",4,0,0,0,0,0,0,,0,0
M1DLV105,"MEN DALLAS 5, ALMOND",2,59,0,0,59,0,0,,0,59
L1FLV107,"LADIES FLO 7, OTTER",2,21,0,0,21,0,0,,0,21
L1CAV133,"LADIES CLASSIC EARTH 33, ROSY BROWN",1,0,0,0,0,0,0,,0,0
L1SPV204,"LADIES SLIDE PUFFY 4, NAVY",1,2,0,0,2,0,0,,0,2
L1CAV135,"LADIES CLASSIC EARTH 35, MACCHIATO",4,0,0,0,0,0,0,,0,0
L1WGV101,LADIES WEDGES 1 BLACK GOLD,3,0,0,0,0,0,0,,0,0
M1CAV124,"MEN CLASSIC 24, NAVY GREY",1,0,0,0,0,0,0,,0,0
L1CAV126,LADIES CLASSIC 26 LIGHT GREY,1,0,0,0,0,0,0,,0,0
M1CAV130,"MEN CLASSIC 30, BROWN BLACK",2,0,0,0,0,0,0,,0,0
M1CAV132,"MEN CLASSIC 32,BLACK STONE",1,0,0,0,0,0,0,,0,0
Z2CAV103,"BABY BOYS CLASSIC 3,CANDY PINK",2,63,0,0,63,0,0,,0,63
L1CAV125,LADIES CLASSIC 25 DRAK GREY,1,0,0,0,0,0,0,,0,0
M1SLV114,"MEN SLIDE MAX 14,BLACK",3,97,0,0,97,0,0,,0,97
M1DLV108,"MEN DALLAS 8, ORION ",4,0,0,0,0,0,0,,0,0
L1EAV212,"LADIES ELSA 12, BROWINE GOLD",3,10,0,0,10,0,0,,0,10
L1CMV103,"LADIES CLASSIC METALIC 3,BALLET ROSE",1,0,0,0,0,0,0,,0,0
L1SPV205,"LADIES SLIDE PUFFY 5, OTTER",4,0,0,0,0,0,0,,0,0
M1SLV111,"MEN SLIDE BASIC 11, BLACK",2,0,0,0,0,0,0,,0,0
L1CAV123,LADIES CLASSIC 23 NAVY GREY,1,0,0,0,0,0,0,,0,0
M1BLV108,"MEN BLACK SERIES 8, NAVY",1,0,0,0,0,0,0,,0,0
M1DLV103,"MEN DALLAS 3, GRAY",1,0,0,0,0,0,0,,0,0
M1BLV103,"MEN BLACK SERIES 3, COSMIC GREY",1,0,0,0,0,0,0,,0,0
L1WIV201,"LADIES WEDGES IRIS 1, BLACK",2,0,0,0,0,0,0,,0,0
L1SPV201,"LADIES SLIDE PUFFY 1, BLACK",1,135,0,0,135,0,0,,0,135
M1CAV131,"MEN CLASSIC 31, BLACK TURQUOISE",1,0,0,0,0,0,0,,0,0
M1CAV136,"MEN CLASSIC EARTH 36, OLIVE",2,0,0,0,0,0,0,,0,0
G2CAV204,"GIRLS CLASSIC 4, BLACK",8,0,0,0,0,0,0,,0,0
G2CAV205,"GIRLS CLASSIC 5, GINGGER SNAP",8,0,0,0,0,0,0,,0,0
B2CAV204,"BOYS CLASSIC 4, BLACK TURQUOISE",8,2,0,0,2,0,0,,0,2
B2CAV205,"BOYS CLASSIC 5, NAVY GREY",8,0,0,0,0,0,0,,0,0
B2CAV206,"BOYS CLASSIC 6, GREY LIME",8,0,0,0,0,0,0,,0,0
G2CAV206,"GIRLS CLASSIC 6, GREY",8,1,0,0,1,0,0,,0,1
G2CAV207,"GIRLS CLASSIC 7, MAUVE",8,1,0,0,1,0,0,,0,1
B2CAV201,"BOYS CLASSIC 1, BLACK",2,0,0,0,0,0,0,,0,0
J1CAV201,"JUNIOR CLASSIC 1, BLACK",2,0,0,0,0,0,0,,0,0
J1CAV203,"JUNIOR CLASSIC 3, NAVY",2,0,0,0,0,0,0,,0,0
M1SPV113,"MEN STRIPE 13, GREY GREEN WHITE",1,0,0,0,0,0,0,,0,0
M1CAV133,"MEN CLASSIC EARTH 33, MOCHA",2,0,0,0,0,0,0,,0,0
L1SPV202,"LADIES SLIDE PUFFY 2, REDWOOD",2,0,0,0,0,0,0,,0,0
M1BLV110,"MEN BLACK SERIES 10, TERRACOTTA",1,0,0,0,0,0,0,,0,0
M1BLV104,"MEN BLACK SERIES 4, LIGHT OLIVE",1,0,0,0,0,0,0,,0,0
M1BLV105,"MEN BLACK SERIES 5, PEANUT",1,0,0,0,0,0,0,,0,0
M1BLV106,MEN BLACK SERIES 6 STONE BLUE,1,0,0,0,0,0,0,,0,0
Z2CM01,"BABY COCOMELON 1, PINK",8,0,0,0,0,0,0,,0,0
Z2CM02,"BABY COCOMELON 2, RED GREEN",8,1,0,0,1,0,0,,0,1
Z2CM03,"BABY COCOMELON 3, BLUE YELLOW",8,0,0,0,0,0,0,,0,0
L1EAV206,"LADIES ELSA 6, JET BLACK",1,0,0,0,0,0,0,,0,0
M1SPV114,"MEN STRIPE 14, ARMY MOCHA WHITE",8,0,0,0,0,0,0,,0,0
L1EAV213,"LADIES ELSA 13, CHESTNUT",8,0,0,0,0,0,0,,0,0
M1BLV111,"MEN BLACK SERIES 11, FOREST BIOME",8,0,0,0,0,0,0,,0,0
Z2CAV102,"BABY BOYS CLASSIC 2, HAZELNUT",8,68,0,0,68,0,0,,0,68
L1EAV214,"LADIES ELSA 14, TERRACOTA",8,0,0,0,0,0,0,,0,0
L1EAV216,"LADIES ELSA 16, SAND GOLD",8,0,0,0,0,0,0,,0,0
B2CAV202,"BOYS CLASSIC 2, NAVY",1,0,0,0,0,0,0,,0,0
J1CAV202,"JUNIOR CLASSIC 2, GREY",2,0,0,0,0,0,0,,0,0
L1EAV215,"LADIES ELSA 15, BLUSH",8,0,0,0,0,0,0,,0,0
M1BLV112,"MEN BLACK SERIES 12, BROWN STONE",8,0,0,0,0,0,0,,0,0
M1BLV113,"MEN BLACK SERIES 13, LEGION BLUE",8,0,0,0,0,0,0,,0,0
L1EAV217,"LADIES ELSA 17, SKY BLUE",8,0,0,0,0,0,0,,0,0
M1BLV114,"MEN BLACK SERIES 14, BONE WHITE",8,0,0,0,0,0,0,,0,0
Z2VB01,"BABY VELCRO 1, ALL BLACK",8,133,0,0,133,0,0,,0,133
B2VB01,"BOYS VELCRO 1, ALL BLACK",8,67,0,0,67,0,0,,0,67
Z2VB02,"BABY VELCRO 2, COCOA",8,24,98,0,122,0,0,,0,122
Z2VB06,"BABY VELCRO 6, SAGE",8,0,0,0,0,0,0,,0,0
M1CAV201,"MEN CLASSIC 1, JET BLACK",1,31,0,98,129,0,0,,0,129
L1CAV201,"LADIES CLASSIC 1, JET BLACK",1,3,0,0,3,0,0,,0,3
L1CAV229,"LADIES CLASSIC 29, NAVY HOTPINK",1,0,0,0,0,0,0,,0,0
L1CAV225,"LADIES CLASSIC 25, DARK GREY",1,0,0,0,0,0,0,,0,0
L1CAV236,"LADIES CLASSIC EARTH 36, OCHRE",1,5,0,0,5,0,0,,0,5
G2VB03,"GIRLS VELCRO 3, SAGE",8,0,0,0,0,0,0,,0,0
L1CAV226,"LADIES CLASSIC 26, LIGHT GREY",1,0,0,0,0,0,0,,0,0
L1CAV231,"LADIES CLASSIC EARTH 31, JADE",1,0,0,0,0,0,0,,0,0
L1CAV232,"LADIES CLASSIC 32, BLACK STONE",1,15,0,0,15,0,0,,0,15
L1CAV235,"LADIES CLASSIC EARTH 35, MACCHIATO",1,0,0,0,0,0,0,,0,0
L1CAV233,"LADIES CLASSIC EARTH 33, ROSY BROWN",1,0,0,0,0,0,0,,0,0
L1CAV222,"LADIES CLASSIC 22, NAVY NAVY",1,0,0,0,0,0,0,,0,0
M1CAV230,"MEN CLASSIC 30, BROWN BLACK",1,0,0,0,0,0,0,,0,0
M1CAV232,"MEN CLASSIC 32, BLACK STONE",1,0,0,0,0,0,0,,0,0
L1CAV237,"LADIES CLASSIC 37, NUDE",1,139,0,0,139,0,0,,0,139
L1CAV223,"LADIES CLASSIC 23, NAVY GREY",1,0,0,0,0,0,0,,0,0
Z2VB03,"BABY VELCRO 3, GREY",8,136,2,0,138,0,0,,0,138
B2VB03,"BOYS VELCRO 3, GREY",8,2,0,0,2,0,0,,0,2
L1CAV234,"LADIES CLASSIC EARTH 34, ROSE",1,0,0,0,0,0,0,,0,0
B2VB02,"BOYS VELCRO 2, COCOA",8,1,0,0,1,0,0,,0,1
M1CAV223,"MEN CLASSIC 23, NAVY BLACK",1,1,0,0,1,0,0,,0,1
M1SPV211,"MEN STRIPE 11, GRAY LIME",1,0,0,0,0,0,0,,0,0
M1SPV210,"MEN STRIPE 10, ALMOND BLACK",1,2,0,0,2,0,0,,0,2
M1CAV227,"MEN CLASSIC 27, GREY GREY",1,132,0,0,132,0,0,,0,132
M1SPV207,"MEN STRIPE 7, BLACK TAN WHITE",1,0,0,0,0,0,0,,0,0
M1SPV201,"MEN STRIPE 1, BLACK BLUE RED",1,29,0,0,29,0,0,,0,29
Z2VB05,"BABY VELCRO 5, OAT PINK",8,0,0,0,0,0,0,,0,0
Z2VB04,"BABY VELCRO 4, CORAL",8,266,2,100,368,0,0,,0,368
G2VB02,"GIRLS VELCRO 2, OAT PINK",8,4,3,0,7,0,0,,0,7
G2VB01,"GIRLS VELCRO 1, CORAL",8,1,0,0,1,0,0,,0,1
M1CAV231,"MEN CLASSIC 31, BLACK TURQUOISE",1,101,0,0,101,0,0,,0,101
M1SPV202,"MEN STRIPE 2, TWILIGHT ORANGE GREEN",1,0,0,0,0,0,0,,0,0
M1CAV224,"MEN CLASSIC 24, NAVY GREY",1,0,0,0,0,0,0,,0,0
B2CAV302,"BOYS CLASSIC 2, NAVY",2,0,1,0,1,0,0,,0,1
M1CAV233,"MEN CLASSIC EARTH 33, MOCHA",1,0,0,0,0,0,0,,0,0
M1SPV213,"MEN STRIPE 13, GREY GREEN WHITE",1,0,0,0,0,0,0,,0,0
M1SPV208,"MEN STRIPE 8, TWILIGHT RED WHITE",1,0,0,0,0,0,0,,0,0
B2CAV304,"BOYS CLASSIC 4, BLACK TURQUOISE",8,0,0,0,0,0,0,,0,0
B2CAV305,"BOYS CLASSIC 5, NAVY GREY",8,35,38,0,73,0,0,,0,73
B2CAV301,"BOYS CLASSIC 1, BLACK",8,49,0,0,49,0,0,,0,49
G2CAV301,"GIRLS CLASSIC 1, NAVY",8,77,0,0,77,0,0,,0,77
G2CAV304,"GIRLS CLASSIC 4, BLACK",8,0,0,0,0,0,0,,0,0
J1CAV303,"JUNIOR CLASSIC 3, NAVY",2,11,0,0,11,0,0,,0,11
J1CAV301,"JUNIOR CLASSIC 1, BLACK",2,0,0,0,0,0,0,,0,0
M1CAV236,"MEN CLASSIC EARTH 36, OLIVE",1,0,0,0,0,0,0,,0,0
M1BLV203,"MEN BLACK SERIES 3, COSMIC GREY",1,44,0,50,94,0,0,,0,94
M1ONV108,"MEN ONYX Z 8, BLACK GREY",1,94,0,0,94,0,0,,0,94
M1BLV205,"MEN BLACK SERIES 5, PEANUT",1,16,0,0,16,0,0,,0,16
M1BLV208,"MEN BLACK SERIES 8, NAVY",1,0,0,0,0,0,0,,0,0
M1SLV115,"MEN SLIDE MAX 15, NAVY",2,1,0,0,1,0,0,,0,1
M1SLV116,"MEN SLIDE MAX 16, ARMY",2,0,0,0,0,0,0,,0,0
G2CAV302,"GIRLS CLASSIC 2, CANDY PINK",3,30,0,0,30,0,0,,0,30
G2CAV306,"GIRLS CLASSIC 6, GREY",8,17,0,0,17,0,0,,0,17
G2CAV307,"GIRLS CLASSIC 7, MAUVE",8,0,0,0,0,0,0,,0,0
B2CAV303,"BOYS CLASSIC 3, ARMY",2,0,0,0,0,0,0,,0,0
M1BLV204,"MEN BLACK SERIES 4, LIGHT OLIVE",1,0,0,0,0,0,0,,0,0
J1CAV302,"JUNIOR CLASSIC 2, GREY",3,0,48,0,48,0,0,,0,48
B2CAV306,"BOYS CLASSIC 6, GREY LIME",8,0,0,0,0,0,0,,0,0
G2CAV305,"GIRLS CLASSIC 5, GINGER SNAP",8,14,0,0,14,0,0,,0,14
B1SLV101,"BOYS SLIDE MAX 1,  BLACK",1,0,0,0,0,0,0,,0,0
J1CAV304,"JUNIOR CLASSIC 4, ARMY",1,10,0,0,10,0,0,,0,10
M1BLV206,"MEN BLACK SERIES 6, STONE BLUE",1,1,0,0,1,0,0,,0,1
M1BLV210,"MEN BLACK SERIES 10, TERRACOTTA",1,0,0,0,0,0,0,,0,0
B1SLV102,"BOYS SLIDE MAX 2, NAVY",2,67,0,0,67,0,0,,0,67
B1SLV103,"BOYS SLIDE MAX 3, ARMY",2,18,0,0,18,0,0,,0,18
M1BLV209,"MEN BLACK SERIES 9, ARMY",1,0,0,0,0,0,0,,0,0
L1SPV207,"LADIES SLIDE PUFFY 7, LATTE",8,0,0,0,0,0,0,,0,0
G2CAV303,"GIRLS CLASSIC 3, HAZELNUT",3,37,0,0,37,0,0,,0,37
L1SPV206,"LADIES SLIDE PUFFY 6, MINT",8,0,0,0,0,0,0,,0,0
L1WGV202,"LADIES WEDGES 2, JET BLACK",3,2,0,0,2,0,0,,0,2
L1WGV201,"LADIES WEDGES 1, BLACK GOLD",3,1,0,0,1,0,0,,0,1
M1ZR01,"MEN ZORRO 1, BLACK",8,21,0,0,21,0,0,,0,21
M1LCV208,"MEN LUCA 8, ALL BLACK",8,0,0,0,0,0,0,,0,0
M1BLV211,"MEN BLACK SERIES 11, FOREST BIOME",8,0,0,0,0,0,0,,0,0
M1BLV214,"MEN BLACK SERIES 14, BONE WHITE",2,0,0,0,0,0,0,,0,0
L1WGV210,"LADIES WEDGES 10, CHESTNUT",8,49,0,0,49,0,0,,0,49
Z2WB05,"BABY WBB 5, WHITE",8,0,0,0,0,0,0,,0,0
Z2WB03,"BABY WBB 3, BROWN",8,0,33,0,33,0,0,,0,33
Z2WB04,"BABY WBB 4, GREY",8,0,24,0,24,0,0,,0,24
M1LCV205,"MEN LUCA 5, 40, MIDNIGHT BLUE",8,0,0,0,0,0,0,,0,0
M1LCV206,"MEN LUCA 6, 40, OLIVE",8,0,0,0,0,0,0,,0,0
M1LCV207,"MEN LUCA 7, 40, BEIGE",8,0,0,0,0,0,0,,0,0
L1LNV205,"LADIES LUNA 5, COFFEE",8,0,0,0,0,0,0,,0,0
L1LNV206,"LADIES LUNA 6, OLIVE",8,48,0,0,48,0,0,,0,48
L1LNV207,"LADIES LUNA 7, BEIGE",8,0,0,0,0,0,0,,0,0
M1BLV212,"MEN BLACK SERIES 12, BROWN STONE",2,62,0,0,62,0,0,,0,62
L1WGV212,"LADIES WEDGES 12, OLIVE",8,1,0,0,1,0,0,,0,1
L1WGV211,"LADIES WEDGES 11, SAND",8,37,0,0,37,0,0,,0,37
L1WGV203,"LADIES WEDGES 3, NAVY",2,1,0,0,1,0,0,,0,1
M1ZR03,"MEN ZORRO 3, GREEN BAY",8,0,0,0,0,0,0,,0,0
L1CAV238,"LADIES CLASSIC 38, SAGE",1,68,0,0,68,0,0,,0,68
M1ZR02,"MEN ZORRO 2, MIDNIGHT BLUE",8,5,0,0,5,0,0,,0,5
L1WGV204,"LADIES WEDGES 4, GINGER SNAP",2,1,0,0,1,0,0,,0,1
M1SPV214,"MEN STRIPE 14, ARMY MOCHA WHITE",1,1,0,0,1,0,0,,0,1
L1CMV204,"LADIES CLASSIC METALIC 4, GINGER SNAP",1,10,0,0,10,0,0,,0,10
M1SLV117,"MEN SLIDE MAX 17, BLACK BLUE",1,0,0,0,0,0,0,,0,0
M1SLV118,"MEN SLIDE MAX 18, GREY",2,0,0,0,0,0,0,,0,0
L1CMV201,"LADIES CLASSIC METALIC 1, BLACK GOLD",1,0,0,0,0,0,0,,0,0
L1CMV202,"LADIES CLASSIC METALIC 2, BLEACH SAND",1,5,0,0,5,0,0,,0,5
L1CMV205,"LADIES CLASSIC METALIC 05, TEAL GREEN",1,2,0,0,2,0,0,,0,2
L1CMV203,"LADIES CLASSIC METALIC 3, BALLET ROSE",1,127,0,0,127,0,0,,0,127
Z2LS01,"BABY LOTSO 1, PINK BERRY",8,89,0,100,189,0,0,,0,189
L1CMV206,"LADIES CLASSIC METALIC 6, WINE",8,1,0,0,1,0,0,,0,1
Z2VS01,"BABY VC STITCH 1, NAVY",8,-1,1,0,0,0,0,,0,0
B2VS01,"BOYS VC STITCH 1, NAVY",8,36,0,0,36,0,0,,0,36
Z2VS02,"BABY VC STITCH 2, PINK",8,0,0,0,0,0,0,,0,0
G2VS02,"GIRLS VC STITCH 2, PINK",8,36,0,0,36,0,0,,0,36
L2SMV413,"LADIES SUMMER 13, OCEAN NAVY",8,0,0,0,0,0,0,,0,0
L2SMV414,"LADIES SUMMER 14, UBUD GREEN",8,0,0,0,0,0,0,,0,0
L2SMV416,"LADIES SUMMER 16, BEACH SAND",8,0,0,0,0,0,0,,0,0
L1CMV207,"LADIES CLASSIC METALIC 7, OLIVE",8,2,0,0,2,0,0,,0,2
L2SMV415,"LADIES SUMMER 15, KAMBOJA OLIVE",8,0,0,0,0,0,0,,0,0
M2SMV413,"MEN SUMMER 13, MONKEY FOREST BLACK",8,0,0,0,0,0,0,,0,0
L1CMV209,"LADIES CLASSIC METALIC 9, PURPLE",8,55,0,0,55,0,0,,0,55
M2SMV416,"MEN SUMMER 16, MOUNTAIN GREEN",8,0,0,0,0,0,0,,0,0
M2SMV414,"MEN SUMMER 14, DIVING BLUE",8,0,0,0,0,0,0,,0,0
M2SMV415,"MEN SUMMER 15, SURF BROWN",8,0,0,0,0,0,0,,0,0
M1AMV103,"MEN AIRMOVE 3, DEEP GREEN",8,0,0,0,0,0,0,,0,0
L1CMV208,"LADIES CLASSIC METALIC 8, MOCCHA MOUSE",8,70,0,0,70,0,0,,0,70
M1AMV101,"MEN AIRMOVE 1, BLACK",8,4,0,0,4,0,0,,0,4
M1AMV102,"MEN AIRMOVE 2, INDIGO TAN",8,0,0,0,0,0,0,,0,0
MN1LCV101,"MEN LUCA 1, BLACK",3,0,0,0,0,0,0,,0,0
MN1LCV102,"MEN LUCA 2, BROWN",3,0,0,0,0,0,0,,0,0
MN1LCV103,"MEN LUCA 3, GREEN",3,0,0,0,0,0,0,,0,0
MN1LCV104,"MEN LUCA 4, NAVY",3,0,0,0,0,0,0,,0,0
MN1LCV205,"MEN LUCA 5, MIDNIGHT BLUE",3,0,0,0,0,0,0,,0,0
MN1LCV206,"MEN LUCA 6, OLIVE",3,0,0,0,0,0,0,,0,0
MN1LCV207,"MEN LUCA 7, BEIGE",3,15,0,0,15,0,0,,0,15
MN1LCV208,"MEN LUCA 8, ALL BLACK",2,0,0,0,0,0,0,,0,0
LN1LNV101,"LADIES LUNA 1, BLACK",3,14,0,0,14,0,0,,0,14
LN1LNV102,"LADIES LUNA 2, MOCHA",3,0,0,0,0,0,0,,0,0
LN1LNV103,"LADIES LUNA 3, WHITE",2,19,0,0,19,0,0,,0,19
LN1LNV104,"LADIES LUNA 4, NAVY",3,0,0,0,0,0,0,,0,0
LN1LNV205,"LADIES LUNA 5, COFFEE",3,8,0,0,8,0,0,,0,8
LN1LNV206,"LADIES LUNA 6, OLIVE",3,6,0,0,6,0,0,,0,6
LN1LNV207,"LADIES LUNA 7, BEIGE",3,19,0,0,19,0,0,,0,19
M1ZR06,"MEN ZORRO 6, BLACK STROM",8,0,0,0,0,0,0,,0,0
M1ZR04,"MEN ZORRO 4, ALL BLACK",8,0,0,0,0,0,0,,0,0
L1SH01,"LADIES STITCH 1, NAVY",8,35,0,0,35,0,0,,0,35
L1SH02,"LADIES STITCH 2, PINK",8,34,0,0,34,0,0,,0,34
L1SPV208,"LADIES SLIDE PUFFY 8, BRONZE",8,0,0,0,0,0,0,,0,0
Z2PH01,"BABY POOH 1, MOCHA",8,76,0,0,76,0,0,,0,76
Z2PH02,"BABY POOH 2, SOFT PINK",8,0,0,0,0,0,0,,0,0
Z2PH03,"BABY POOH 3, ORANGE BEIGE",8,27,0,0,27,0,0,,0,27
L1SPV210,"LADIES SLIDE PUFFY 10, GOLD",8,0,0,0,0,0,0,,0,0
M1ZR05,"MEN ZORRO 5, COFFEE",8,0,0,0,0,0,0,,0,0
L1SPV209,"LADIES PUFFY 9, BOTANICAL GREEN",8,10,0,0,10,0,0,,0,10
M1SPV216,"MEN STRIPE 16, COCOA WHITE TAN",8,0,0,0,0,0,0,,0,0
M1SPV215,"MEN STRIPE 15, BLACK NAVY WHITE",8,0,0,0,0,0,0,,0,0
Z2MT01,"BABY DISNEY MILTON 1, ALL BLACK",8,175,0,0,175,0,0,,0,175
Z2MT02,"BABY DISNEY MILTON 2, OLIVE",8,166,0,0,166,0,0,,0,166
Z2MT03,"BABY DISNEY MILTON 3, CAMEL",8,164,0,0,164,0,0,,0,164
Z2OX01,"BABY DISNEY OXFORD 1, COFFEE",8,133,0,0,133,0,0,,0,133
Z2OX02,"BABY DISNEY OXFORD 2, NAVY",8,161,0,0,161,0,0,,0,161
Z2OX03,"BABY DISNEY OXFORD 3, BEIGE",8,128,0,0,128,0,0,,0,128
B2DV01,"BOYS DISNEY DOVER 1, BLACK",8,34,0,0,34,0,0,,0,34
G2DV01,"GIRLS DISNEY DOVER 1, BEIGE",8,36,0,0,36,0,0,,0,36
L1MR01,"LADIES MERCI 1, BLACK",8,2,0,0,2,0,0,,0,2
L1MR02,"LADIES MERCI 2, MOCCA",8,1,0,0,1,0,0,,0,1
L1MR03,"LADIES MERCI 3, WINE",8,2,0,0,2,0,0,,0,2
L1MR04,"LADIES MERCI 4, SAGE",8,6,0,0,6,0,0,,0,6
L1MR05,"LADIES MERCI 5, VANILLA",8,38,0,0,38,0,0,,0,38
B1SM01,"BOYS SLIDE SPIDER-MAN 1, BLACK",8,115,,,115,0,0,,0,115
B1SM02,"BOYS SLIDE SPIDER-MAN 2, GREY",8,44,,,44,0,0,,0,44
B1SM03,"BOYS SLIDE SPIDER-MAN 3, BLUE RED",8,49,,,49,0,0,,0,49
,,,,,,,0,0,,,
,,,,,,,0,0,,,
,,,,,,,0,0,,,
,,,,,,,0,0,,,
,,,,,,,0,0,,,
,,,,,,,0,0,,,
,,,,,,,0,0,,,
,,,,,,,0,0,,,
,,,,,,,0,0,,,
,,,,,,,0,0,,,
,,,,,,,0,0,,,
,,,,,,,0,0,,,
,,,,,,,0,0,,,
,,,,,,,0,0,,,
,,,,,,,0,0,,,
,,,,,,,0,0,,,
,,,,,,,0,0,,,
,,,,,,,0,0,,,
,,,,,,,0,0,,,
,,,,,,,0,0,,,
,,,,,,,0,0,,,
,,,,,,,0,0,,,
,,,,,,,0,0,,,
,,,,,,,0,0,,,
,,,,,,,0,0,,,
,,,,,,,0,0,,,
,,,,,,,0,0,,,
,,,,,,,0,0,,,
,,,,,,,0,0,,,
,,,,,,,0,0,,,
,,,,,,,0,0,,,
,,,,,,,0,0,,,
,,,,,,,0,0,,,
,,,,,,,0,0,,,
,,,,,,,0,0,,,
,,,,,,,0,0,,,
,,,,,,,0,0,,,
,,,,,,,0,0,,,
,,,,,,,0,0,,,
,,,,,,,0,0,,,
,,,,,,,0,0,,,
,,,,,,,0,0,,,
,,,,,,,0,0,,,
,,,,,,,0,0,,,
,,,,,,,0,0,,,
,,,,,,,0,0,,,
,,,,,,,0,0,,,
,,,,,,,0,0,,,
,,,,,,,0,0,,,
,,,,,,,0,0,,,
,,,,,,,0,0,,,
,,,,,,,0,0,,,
,,,,,,,0,0,,,
,,,,,,,0,0,,,
,,,,,,,0,0,,,
,,,,,,,0,0,,,
,,,,,,,0,0,,,
,,,,,,,0,0,,,
,,,,,,,0,0,,,
,,,,,,,0,0,,,
,,,,,,,0,0,,,
,,,,,,,0,0,,,
,,,,,,,0,0,,,
,,,,,,,0,0,,,
,,,,,,,0,0,,,
,,,,,,,0,0,,,
,,,,,,,0,0,,,
,,,,,,,0,0,,,
,,,,,,,0,0,,,
,,,,,,,0,0,,,
,,,,,,,0,0,,,
,,,,,,,0,0,,,
,,,,,,,0,0,,,
,,,,,,,0,0,,,
,,,,,,,0,0,,,
,,,,,,,0,0,,,
,,,,,,,0,0,,,
,,,,,,,0,0,,,
,,,,,,,0,0,,,
,,,,,,,0,0,,,
,,,,,,,0,0,,,
,,,,,,,0,0,,,
,,,,,,,0,0,,,
,,,,,,,0,0,,,
,,,,,,,0,0,,,
,,,,,,,0,0,,,
,,,,,,,0,0,,,
,,,,,,,0,0,,,
,,,,,,,0,0,,,
,,,,,,,0,0,,,